accident_row,u,v,key,edge_length_m,distance_to_u_m,distance_to_v_m,nearest_intersection_distance_m,edge_fraction_to_nearest_intersection
0,643933,643936,0,55.44003740314511,32.43815728795161,23.0018801151935,23.0018801151935,0.41489654756056504
1,643930,643933,0,161.1409101151588,51.94176093866686,109.19914917649193,51.94176093866686,0.32233751752765244
2,643930,643933,0,161.1409101151588,51.94176093866686,109.19914917649193,51.94176093866686,0.32233751752765244
3,643930,643933,0,161.1409101151588,66.28633377584343,94.85457633931536,66.28633377584343,0.41135633234584645
4,52163767,358204009,0,460.46382755134243,55.077791220992665,405.3860363303498,55.077791220992665,0.11961371974403659
5,7275677007,9755805529,0,137.63338677762331,115.72004251813186,21.913344259491453,21.913344259491453,0.15921532393079324
6,1606819527,342579565,0,58.188465847452306,31.122306443998564,27.066159403453742,27.066159403453742,0.4651464686216468
7,9755805559,26299410,0,170.63568685260324,167.53433251432978,3.1013543382734667,3.1013543382734667,0.018175297298462817
8,9755805559,26299410,0,170.63568685260324,5.908779420688311,164.72690743191492,5.908779420688311,0.034628040181256876
9,7275677007,4540786888,0,227.93471145506948,118.53780609341877,109.39690536165071,109.39690536165071,0.47994842322739
10,26298423,7275677007,0,239.46148567802328,239.46148567802328,0.0,0.0,0.0
11,9405615106,921265743,0,301.18924676770894,1.7094565955629137,299.479790172146,1.7094565955629137,0.00567568933455757
12,9755805559,10563335063,0,99.88782334633278,2.037795591524418,97.85002775480837,2.037795591524418,0.020400840895881154
13,244449799,9405615106,0,45.40902546161731,37.56517378912661,7.8438516724907,7.8438516724907,0.17273772323347567
14,342620628,762669698,0,177.35757825906214,3.812158093810042,173.5454201652521,3.812158093810042,0.021494193432443638
15,9823016,9823012,0,49.90202016697978,27.932455550277737,21.969564616702044,21.969564616702044,0.4402540126269142
16,10103026385,340480304,0,84.94725824673425,9.783241139425648,75.16401710730861,9.783241139425648,0.11516841557157331
17,9755805559,10563335063,0,99.88782334633278,5.947255960933469,93.9405673853993,5.947255960933469,0.05953934885849941
18,301688528,9319419235,0,144.73228205725678,110.08621777596882,34.64606428128796,34.64606428128796,0.23938034962774796
19,301688528,9319419235,0,144.73228205725678,110.08621777596882,34.64606428128796,34.64606428128796,0.23938034962774796
20,643930,643933,0,161.1409101151588,50.63469099016659,110.5062191249922,50.63469099016659,0.3142261698409217
21,342660357,52162718,0,177.21495698247554,28.29098671395316,148.9239702685224,28.29098671395316,0.15964220625435585
22,342660357,52162718,0,177.21495698247554,28.29098671395316,148.9239702685224,28.29098671395316,0.15964220625435585
23,9077392916,9405615106,0,113.5321494153336,71.28392358624309,42.248225829090515,42.248225829090515,0.3721256582092375
24,643911,643914,0,35.93010894165425,13.366339205467037,22.56376973618721,13.366339205467037,0.3720094260546832
25,643911,643914,0,35.93010894165425,13.366339205467037,22.56376973618721,13.366339205467037,0.3720094260546832
26,643911,643914,0,35.93010894165425,13.366339205467037,22.56376973618721,13.366339205467037,0.3720094260546832
27,643911,643914,0,35.93010894165425,13.366339205467037,22.56376973618721,13.366339205467037,0.3720094260546832
28,26298474,26296951,0,224.0763533002627,128.48894504496258,95.58740825530012,95.58740825530012,0.4265840944279061
29,1591373192,26298438,0,70.2146025130339,4.3617749805823705,65.85282753245153,4.3617749805823705,0.06212062483402504
30,9077392916,9405615106,0,113.5321494153336,107.3830293457239,6.149120069609708,6.149120069609708,0.05416192771189806
31,11729210421,10103026366,0,183.36197895475755,148.70019699244213,34.661781962315416,34.661781962315416,0.18903472879111874
32,395471672,249813619,0,33.879937352678965,33.548283137032875,0.33165421564608977,0.33165421564608977,0.009789103568689601
33,395471672,249813619,0,33.879937352678965,33.548283137032875,0.33165421564608977,0.33165421564608977,0.009789103568689601
34,9405615106,921265743,0,301.18924676770894,71.03567520846599,230.15357155924295,71.03567520846599,0.23585063534240977
35,301688528,9319419235,0,144.73228205725678,9.07785186004061,135.6544301972162,9.07785186004061,0.06272167985611786
36,301688528,9319419235,0,144.73228205725678,9.07785186004061,135.6544301972162,9.07785186004061,0.06272167985611786
37,301688528,9319419235,0,144.73228205725678,9.07785186004061,135.6544301972162,9.07785186004061,0.06272167985611786
38,7275677007,4540786888,0,227.93471145506948,84.30840824324042,143.62630321182905,84.30840824324042,0.3698796366075174
39,26661450,26661432,0,128.20838676531173,64.87705975570458,63.33132700960715,63.33132700960715,0.4939717955077037
40,342579667,342579538,0,25.866017136695056,1.0364711801911277,24.829545956503928,1.0364711801911277,0.04007076832562399
41,301688528,9755805559,0,61.476037900384725,51.09100261677152,10.385035283613206,10.385035283613206,0.16892818142315927
42,9755805559,26299410,0,170.63568685260324,1.8642123711547758,168.77147448144848,1.8642123711547758,0.010925102512495528
43,9755805559,26299410,0,170.63568685260324,35.48634226971178,135.14934458289147,35.48634226971178,0.20796553712920102
44,7275677007,4540786888,0,227.93471145506948,5.59597133579572,222.33874011927375,5.59597133579572,0.024550764120447703
45,10563335054,5728993698,0,111.98019278156458,52.320979276132014,59.65921350543257,52.320979276132014,0.4672342311304332
46,26661432,342628235,0,63.1530776079258,53.478717488082005,9.674360119843797,9.674360119843797,0.15318905247825407
47,244449799,9405615106,0,45.40902546161731,0.0,45.40902546161731,0.0,0.0
48,244449799,9405615106,0,45.40902546161731,0.0,45.40902546161731,0.0,0.0
49,1022749752,26661432,0,166.48810798653983,159.5220100823533,6.96609790418654,6.96609790418654,0.04184141431140375
50,4029217601,1600382058,0,24.198522738002495,14.375162402007257,9.823360335995238,9.823360335995238,0.4059487615154363
51,9077392916,9405615106,0,113.5321494153336,15.632531192933136,97.89961822240048,15.632531192933136,0.1376925502902688
52,26660833,2377604580,0,138.81248622076401,137.7106402125022,1.1018460082618162,1.1018460082618162,0.007937657758751378
53,26661432,342628235,0,63.1530776079258,25.554329625543804,37.598747982381994,25.554329625543804,0.4046410815351412
54,659985459,1606959380,0,96.83686923340969,83.57526720218128,13.261602031228406,13.261602031228406,0.13694786021286426
55,659985459,1606959380,0,96.83686923340969,83.57526720218128,13.261602031228406,13.261602031228406,0.13694786021286426
56,26298474,26296951,0,224.0763533002627,123.08126110293787,100.99509219732482,100.99509219732482,0.4507173144771382
57,342628235,5728993689,0,99.96040795153901,18.34748286903079,81.61292508250821,18.34748286903079,0.18354749890502334
58,5728993698,10563335054,0,111.98019278156457,55.65265795418921,56.32753482737536,55.65265795418921,0.496986623900074
59,4029217601,342660313,0,10.93945534046623,3.891301297698371,7.048154042767859,3.891301297698371,0.35571252650065915
60,301688528,9319419235,0,144.73228205725678,66.08577321462343,78.64650884263335,66.08577321462343,0.4566070006999515
61,301688528,9319419235,0,144.73228205725678,66.08577321462343,78.64650884263335,66.08577321462343,0.4566070006999515
62,301688528,9319419235,0,144.73228205725678,66.08577321462343,78.64650884263335,66.08577321462343,0.4566070006999515
63,342660345,342660313,0,47.34318132982291,8.568535835128104,38.77464549469481,8.568535835128104,0.1809877493325638
64,244449799,9405615106,0,45.40902546161731,0.0,45.40902546161731,0.0,0.0
65,7275677007,9755805529,0,137.63338677762331,3.3380064302601196,134.2953803473632,3.3380064302601196,0.024252883027963232
66,7275677007,4540786888,0,227.93471145506948,9.2212018803454,218.71350957472407,9.2212018803454,0.04045545244723766
67,26298474,26296951,0,224.0763533002627,217.63249257381167,6.443860726451021,6.443860726451021,0.028757433042549727
68,301688528,9319419235,0,144.73228205725678,123.83585857729182,20.896423479964966,20.896423479964966,0.1443798382982605
69,342628235,5728993689,0,99.96040795153901,17.082221659893232,82.87818629164578,17.082221659893232,0.17088987540121608
70,9077392916,4029217601,0,45.794744879632916,22.360247661736857,23.43449721789606,22.360247661736857,0.48827103896983415
71,1020030657,1606959335,0,44.94106765288233,8.683955970245849,36.257111682636484,8.683955970245849,0.19322985464696446
72,1743296736,52351597,0,18.577934192643784,2.9160868565513107,15.661847336092475,2.9160868565513107,0.15696507621961434
73,1743296736,52351597,0,18.577934192643784,2.9160868565513107,15.661847336092475,2.9160868565513107,0.15696507621961434
74,1743296736,52351597,0,18.577934192643784,2.9160868565513107,15.661847336092475,2.9160868565513107,0.15696507621961434
75,1743296736,52351597,0,18.577934192643784,2.9160868565513107,15.661847336092475,2.9160868565513107,0.15696507621961434
76,1743296736,52351597,0,18.577934192643784,2.9160868565513107,15.661847336092475,2.9160868565513107,0.15696507621961434
77,26296956,52350428,0,34.13799029319958,9.347675910668631,24.790314382530948,9.347675910668631,0.2738203341902855
78,9077392916,9405615106,0,113.5321494153336,36.54723390142067,76.98491551391294,36.54723390142067,0.32191087801676566
79,10563335063,9755805559,0,99.88782334633278,93.39365054032123,6.494172806011548,6.494172806011548,0.06501465932934428
80,9077392916,9405615106,0,113.5321494153336,12.548448555392273,100.98370085994134,12.548448555392273,0.11052771060896945
81,7275677007,4540786888,0,227.93471145506948,33.93454940592203,194.00016204914743,33.93454940592203,0.14887837481748017
82,26298474,26296951,0,224.0763533002627,108.26403998298976,115.81231331727294,108.26403998298976,0.4831569167761123
83,26298474,26296951,0,224.0763533002627,108.26403998298976,115.81231331727294,108.26403998298976,0.4831569167761123
84,643930,643933,0,161.1409101151588,58.70375625382425,102.43715386133454,58.70375625382425,0.3643007614383698
85,643911,643914,0,35.93010894165425,17.423395596563317,18.50671334509093,17.423395596563317,0.4849246526042159
86,643911,643914,0,35.93010894165425,17.423395596563317,18.50671334509093,17.423395596563317,0.4849246526042159
87,10103026366,11729210421,0,183.36197895475755,7.641885408129569,175.72009354662796,7.641885408129569,0.041676499412209744
88,250214013,340480304,0,211.7376933215135,103.79959912416986,107.93809419734363,103.79959912416986,0.4902273067013872
89,7275677007,9755805529,0,137.63338677762331,56.93387759285865,80.69950918476466,56.93387759285865,0.41366327550195153
90,643930,643933,0,161.1409101151588,57.41026526813043,103.73064484702836,57.41026526813043,0.35627368138297333
91,643930,643933,0,161.1409101151588,57.41026526813043,103.73064484702836,57.41026526813043,0.35627368138297333
92,659985459,643851,0,27.438771908456417,1.4569473566218436,25.981824551834574,1.4569473566218436,0.05309812558239255
93,26661432,342628235,0,63.1530776079258,51.61176424468893,11.541313363236874,11.541313363236874,0.18275140025461598
94,9405615106,921265743,0,301.18924676770894,133.61112010976746,167.57812665794148,133.61112010976746,0.4436118538216423
95,7275677007,4540786888,0,227.93471145506948,36.061187715246916,191.87352373982256,36.061187715246916,0.15820840750863566
96,26298474,26296951,0,224.0763533002627,43.98277717815706,180.09357612210565,43.98277717815706,0.19628477762318838
97,26661450,26661432,0,128.20838676531173,1.9717886269974103,126.23659813831432,1.9717886269974103,0.015379560391839363
98,26298423,7275677007,0,239.46148567802328,94.63712386974166,144.82436180828162,94.63712386974166,0.39520812126334787
99,643933,10103026371,0,174.23643618102165,167.95461267025948,6.281823510762166,6.281823510762166,0.03605344351875811
100,9405615106,9077392916,0,113.53214941533358,50.83152776541452,62.70062164991906,50.83152776541452,0.4477280490784864
101,6047609609,611055,0,107.88205437288106,4.804637045821398,103.07741732705966,4.804637045821398,0.044536017354793414
102,9823132,3381506666,0,10.26772618071457,3.541719910497002,6.726006270217568,3.541719910497002,0.3449371212439676
103,9823132,3381506666,0,10.26772618071457,3.541719910497002,6.726006270217568,3.541719910497002,0.3449371212439676
104,26298474,26296951,0,224.0763533002627,129.85554531944805,94.22080798081464,94.22080798081464,0.42048527920551526
105,26298474,26296951,0,224.0763533002627,129.85554531944805,94.22080798081464,94.22080798081464,0.42048527920551526
106,342620651,1020737722,0,18.32487226004556,16.531709976463763,1.7931622835817969,1.7931622835817969,0.0978540127393684
107,26298474,26296951,0,224.0763533002627,121.79396732088235,102.28238597938035,102.28238597938035,0.456462203498652
108,10563335054,5728993698,0,111.98019278156458,40.291605532426125,71.68858724913846,40.291605532426125,0.3598101104453481
109,10563335054,5728993698,0,111.98019278156458,40.291605532426125,71.68858724913846,40.291605532426125,0.3598101104453481
110,9755805559,10563335063,0,99.88782334633278,99.88782334633278,0.0,0.0,0.0
111,9823132,3381506666,0,10.26772618071457,7.658966362831428,2.6087598178831417,2.6087598178831417,0.25407376199640613
112,51458926,6047609599,0,68.42533394903214,6.3580317743233286,62.06730217470881,6.3580317743233286,0.09291926553196254
113,10563335054,643911,0,24.60017957519211,21.740891077116864,2.859288498075248,2.859288498075248,0.1162303913000163
114,11729210420,10103026385,0,11.09647587554875,8.738524033659873,2.3579518418888767,2.3579518418888767,0.21249555880030874
115,26298474,26296951,0,224.0763533002627,62.51663594920216,161.55971735106053,62.51663594920216,0.2789970250249019
116,26298474,26296951,0,224.0763533002627,62.51663594920216,161.55971735106053,62.51663594920216,0.2789970250249019
117,26298474,26296951,0,224.0763533002627,62.51663594920216,161.55971735106053,62.51663594920216,0.2789970250249019
118,26298474,26296951,0,224.0763533002627,62.51663594920216,161.55971735106053,62.51663594920216,0.2789970250249019
119,26298474,26296951,0,224.0763533002627,62.51663594920216,161.55971735106053,62.51663594920216,0.2789970250249019
120,2377604538,342620628,0,60.45459451522776,43.36101340074295,17.093581114484813,17.093581114484813,0.2827507363427796
121,9077392916,9405615106,0,113.5321494153336,13.284563674028751,100.24758574130486,13.284563674028751,0.11701146981221994
122,301688528,9755805559,0,61.476037900384725,60.85401119298908,0.6220267073956478,0.6220267073956478,0.010118197734271276
123,9405615106,9077392916,0,113.53214941533358,13.076318194274561,100.45583122105901,13.076318194274561,0.11517722743394553
124,9077392916,9405615106,0,113.5321494153336,96.40463810307459,17.127511312259017,17.127511312259017,0.1508604514268606
125,9235707984,9235707993,0,52.07232036380669,0.2622210013423942,51.81009936246429,0.2622210013423942,0.005035708021274449
126,317087689,320951154,0,51.36513550472539,47.19759257800739,4.167542926717999,4.167542926717999,0.0811356357919975
127,9077392916,9405615106,0,113.5321494153336,94.40566232337947,19.126487091954132,19.126487091954132,0.16846758552931013
128,342660306,26296951,0,145.89494442225387,130.07513115770283,15.819813264551044,15.819813264551044,0.10843290922243905
129,342660313,52167301,0,85.84618645244832,81.23975866666838,4.6064277857799425,4.6064277857799425,0.05365908465056304
130,301688528,9755805559,0,61.476037900384725,60.79255839885556,0.6834795015291633,0.6834795015291633,0.011117819639526346
131,682264890,643914,0,116.13271478114794,103.28132852782824,12.851386253319703,12.851386253319703,0.1106612058241998
132,301689321,26300437,0,164.86638173456265,128.56148789789592,36.304893836666736,36.304893836666736,0.2202079857318526
133,342660306,26296951,0,145.89494442225387,63.32500597710175,82.56993844515212,63.32500597710175,0.4340452387015171
134,643930,301688528,0,200.07871488204748,78.97591143916927,121.10280344287821,78.97591143916927,0.3947242038501096
135,643930,301688528,0,200.07871488204748,78.97591143916927,121.10280344287821,78.97591143916927,0.3947242038501096
136,6211583013,26298420,0,7.880119719358216,4.768257238478196,3.1118624808800206,3.1118624808800206,0.39490040655543
137,7275677007,4540786888,0,227.93471145506948,101.52280953382223,126.41190192124725,101.52280953382223,0.44540302302238166
138,1020030657,1606959335,0,44.94106765288233,1.1523806100854315,43.7886870427969,1.1523806100854315,0.025642039013986855
139,1020030657,1606959335,0,44.94106765288233,1.1523806100854315,43.7886870427969,1.1523806100854315,0.025642039013986855
140,1020030657,1606959335,0,44.94106765288233,1.1523806100854315,43.7886870427969,1.1523806100854315,0.025642039013986855
141,26298423,7275677007,0,239.46148567802328,10.791500359488376,228.6699853185349,10.791500359488376,0.04506570369315458
142,10103026366,11729210421,0,183.36197895475755,153.28700491585167,30.07497403890588,30.07497403890588,0.16401968505328213
143,9755805559,10563335063,0,99.88782334633278,7.588006496167686,92.2998168501651,7.588006496167686,0.07596528027103383
144,7275677007,9755805529,0,137.63338677762331,15.548937784449757,122.08444899317355,15.548937784449757,0.11297358982797139
145,9077392916,9405615106,0,113.5321494153336,24.58159311829892,88.9505562970347,24.58159311829892,0.216516583583495
146,9755805559,10563335063,0,99.88782334633278,99.88782334633278,0.0,0.0,0.0
147,52163767,358204009,0,460.46382755134243,167.41469571268436,293.04913183865807,167.41469571268436,0.3635783870428288
148,52163767,358204009,0,460.46382755134243,167.41469571268436,293.04913183865807,167.41469571268436,0.3635783870428288
149,10103026385,340480304,0,84.94725824673425,7.614702857073836,77.33255538966041,7.614702857073836,0.08964036055120801
150,10103026385,340480304,0,84.94725824673425,7.614702857073836,77.33255538966041,7.614702857073836,0.08964036055120801
151,10103026385,340480304,0,84.94725824673425,7.614702857073836,77.33255538966041,7.614702857073836,0.08964036055120801
152,10563335054,5728993698,0,111.98019278156458,52.330845047566754,59.64934773399783,52.330845047566754,0.4673223339563855
153,10563335054,5728993698,0,111.98019278156458,52.330845047566754,59.64934773399783,52.330845047566754,0.4673223339563855
154,10563335054,5728993698,0,111.98019278156458,52.330845047566754,59.64934773399783,52.330845047566754,0.4673223339563855
155,10563335054,5728993698,0,111.98019278156458,52.330845047566754,59.64934773399783,52.330845047566754,0.4673223339563855
156,10563335054,5728993698,0,111.98019278156458,52.330845047566754,59.64934773399783,52.330845047566754,0.4673223339563855
157,10563335054,5728993698,0,111.98019278156458,52.330845047566754,59.64934773399783,52.330845047566754,0.4673223339563855
158,6047609599,2377604543,0,83.05425002557443,6.616317906226975,76.43793211934747,6.616317906226975,0.07966260491413321
159,643930,301688528,0,200.07871488204748,197.86991318396522,2.2088016980822545,2.2088016980822545,0.0110396635613359
160,317020454,317087866,0,31.64615321332449,17.94989569203919,13.6962575212853,13.6962575212853,0.432793756288791
161,317020454,317087866,0,31.64615321332449,17.94989569203919,13.6962575212853,13.6962575212853,0.432793756288791
162,30822588,26298426,0,59.644019587543106,0.0,59.644019587543106,0.0,0.0
163,2377604584,317442075,0,24.494541786183305,22.16229927436297,2.3322425118203363,2.3322425118203363,0.09521478426413715
164,2377604584,317442075,0,24.494541786183305,22.16229927436297,2.3322425118203363,2.3322425118203363,0.09521478426413715
165,2377604584,317442075,0,24.494541786183305,22.16229927436297,2.3322425118203363,2.3322425118203363,0.09521478426413715
166,643945,6211583013,0,44.62886734064408,3.9746530901787236,40.65421425046535,3.9746530901787236,0.08906013813527722
167,1606959387,659985459,0,88.63975762373593,67.22052943442056,21.419228189315376,21.419228189315376,0.24164357804583775
168,26298474,26296951,0,224.0763533002627,82.13569042260073,141.94066287766196,82.13569042260073,0.3665522453078249
169,26661432,342628235,0,63.1530776079258,48.18716459368335,14.965913014242453,14.965913014242453,0.23697836401822814
170,26661432,342628235,0,63.1530776079258,48.18716459368335,14.965913014242453,14.965913014242453,0.23697836401822814
171,10563335054,5728993698,0,111.98019278156458,40.37930386396341,71.60088891760117,40.37930386396341,0.3605932697644998
172,11729210421,10103026366,0,183.36197895475755,32.04071276967372,151.32126618508383,32.04071276967372,0.17474022124062805
173,9755805529,7275677007,0,137.63338677762334,115.61913287758877,22.014253900034575,22.014253900034575,0.15994850098111288
174,9405615106,921265743,0,301.18924676770894,0.0,301.18924676770894,0.0,0.0
175,7275677007,9755805529,0,137.63338677762331,137.63338677762331,0.0,0.0,0.0
176,9077392916,9405615106,0,113.5321494153336,65.8305442536295,47.70160516170411,47.70160516170411,0.420159447410775
177,10103026366,11729210421,0,183.36197895475755,69.5532001675065,113.80877878725104,69.5532001675065,0.37932182322632957
178,3381506666,3381506667,0,20.411765534469303,0.5959606976706624,19.81580483679864,0.5959606976706624,0.02919692060269186
179,26300437,643907,0,40.52807142245727,18.36280800433081,22.165263418126465,18.36280800433081,0.4530886212896791
180,659985459,643851,0,27.438771908456417,13.827716465330854,13.611055443125563,13.611055443125563,0.49605191837797746
181,26298474,26296951,0,224.0763533002627,0.0,224.0763533002627,0.0,0.0
182,301688528,9755805559,0,61.476037900384725,61.476037900384725,0.0,0.0,0.0
183,26298428,26298429,0,86.18873377641975,1.6330558687128414,84.55567790770691,1.6330558687128414,0.018947440078991237
184,26298474,26296951,0,224.0763533002627,209.3277553397879,14.748597960474797,14.748597960474797,0.06581951974518101
185,9755805529,7275677007,0,137.63338677762334,89.71181789253855,47.921568885084795,47.921568885084795,0.34818273390679916
186,7275677007,9755805529,0,137.63338677762331,32.211677358145174,105.42170941947813,32.211677358145174,0.2340397058614139
187,26298474,26296951,0,224.0763533002627,129.85554531944805,94.22080798081464,94.22080798081464,0.42048527920551526
188,9755805559,10563335063,0,99.88782334633278,80.53065293356258,19.357170412770202,19.357170412770202,0.19378909024431024
189,26298423,7275677007,0,239.46148567802328,225.58579076408788,13.875694913935405,13.875694913935405,0.05794541395517974
190,7275677007,4540786888,0,227.93471145506948,63.114320970361256,164.8203904847082,63.114320970361256,0.27689648745229556
191,301688528,9755805559,0,61.476037900384725,61.476037900384725,0.0,0.0,0.0
192,51458940,1606959335,0,40.09273928856574,13.375192906182889,26.71754638238285,13.375192906182889,0.3336063622372002
193,9755805559,10563335063,0,99.88782334633278,99.88782334633278,0.0,0.0,0.0
194,7275677007,9755805529,0,137.63338677762331,64.96789593524542,72.66549084237789,64.96789593524542,0.4720358733903366
195,9077392916,9405615106,0,113.5321494153336,71.10629234142094,42.42585707391267,42.42585707391267,0.3736902480257513
196,2377604538,342620628,0,60.45459451522776,56.53347335862506,3.9211211566027018,3.9211211566027018,0.06486059807439483
197,1743296736,52351597,0,18.577934192643784,4.833206520847134,13.74472767179665,4.833206520847134,0.26015844769010515
198,244449799,9405615106,0,45.40902546161731,0.0,45.40902546161731,0.0,0.0
199,643933,10103026371,0,174.23643618102165,21.951425744476843,152.2850104365448,21.951425744476843,0.12598642525992998
200,1022749752,26661432,0,166.48810798653983,24.06001367165024,142.4280943148896,24.06001367165024,0.14451490837769287
201,1022749752,26661432,0,166.48810798653983,14.995611692303065,151.49249629423676,14.995611692303065,0.09007016701466404
202,1022749752,26661432,0,166.48810798653983,14.995611692303065,151.49249629423676,14.995611692303065,0.09007016701466404
203,1743296786,52162344,0,21.4452719128206,13.632018031715052,7.813253881105549,7.813253881105549,0.36433456814481147
204,317442075,2377604559,0,18.86503753823282,17.12966882649746,1.735368711735358,1.735368711735358,0.09198861694382393
205,395471672,249813619,0,33.879937352678965,26.389643632223418,7.490293720455547,7.490293720455547,0.22108345840442567
206,9755805559,26299410,0,170.63568685260324,17.58074237200482,153.0549444805984,17.58074237200482,0.10303086474045277
207,3181227681,9823004,0,143.82357080522385,56.61899047340682,87.20458033181703,56.61899047340682,0.393669759111212
208,7275677007,9755805529,0,137.63338677762331,49.46513100795186,88.16825576967145,49.46513100795186,0.3593977607182881
209,643945,9823132,0,196.90628404802055,50.66346704372703,146.24281700429353,50.66346704372703,0.2572973599530804
210,9077392916,9405615106,0,113.5321494153336,46.780312766208404,66.75183664912521,46.780312766208404,0.41204463235406935
211,3381506666,643951,0,80.38895226324321,15.570535030439114,64.8184172328041,15.570535030439114,0.19368998590069367
212,10103026366,11729210421,0,183.36197895475755,13.444752362440333,169.9172265923172,13.444752362440333,0.07332355616513972
213,643930,643933,0,161.1409101151588,161.1409101151588,0.0,0.0,0.0
214,1743296736,52351597,0,18.577934192643784,17.7880764441391,0.7898577485046836,0.7898577485046836,0.04251590840586785
215,9755805529,7275677007,0,137.63338677762334,34.65736651830193,102.97602025932142,34.65736651830193,0.2518092980905748
216,26300437,643907,0,40.52807142245727,28.95808064112458,11.569990781332692,11.569990781332692,0.28548091175445295
217,643933,10103026371,0,174.23643618102165,174.23643618102165,0.0,0.0,0.0
218,643933,10103026371,0,174.23643618102165,174.23643618102165,0.0,0.0,0.0
219,10103026390,11729210420,0,39.67754401240303,26.966667212701623,12.71087679970141,12.71087679970141,0.32035442505534223
220,643933,10103026371,0,174.23643618102165,169.85552993869334,4.380906242328308,4.380906242328308,0.02514345643397342
221,9077392916,9405615106,0,113.5321494153336,63.89085110680099,49.64129830853262,49.64129830853262,0.4372444154732799
222,9755805529,342579538,0,256.93541774694273,54.97876243526953,201.95665531167322,54.97876243526953,0.21397891702660646
223,9755805559,26299410,0,170.63568685260324,48.131963971499054,122.50372288110418,48.131963971499054,0.28207442920821074
224,9755805559,26299410,0,170.63568685260324,167.36924046275436,3.2664463898488805,3.2664463898488805,0.019142809163187936
225,659985459,643851,0,27.438771908456417,25.6243460224955,1.8144258859609153,1.8144258859609153,0.06612635186495804
226,5728993707,6309354601,0,43.53667012250093,0.8920238651327752,42.64464625736815,0.8920238651327752,0.020489023681022244
227,2377604580,317442075,0,27.14542616138068,21.03094183652723,6.11448432485345,6.11448432485345,0.22524915573263016
228,342628235,5728993689,0,99.96040795153901,18.283454415405814,81.6769535361332,18.283454415405814,0.18290696076660337
229,342628235,5728993689,0,99.96040795153901,18.283454415405814,81.6769535361332,18.283454415405814,0.18290696076660337
230,342579580,342579586,0,38.38666532901986,1.2947750330000156,37.09189029601985,1.2947750330000156,0.03372981273320402
231,4029217601,342660313,0,10.93945534046623,6.581336976230714,4.358118364235516,4.358118364235516,0.39838531522811416
232,9755805529,7275677007,0,137.63338677762334,56.21406064377305,81.41932613385029,56.21406064377305,0.4084333166530232
233,643933,10103026371,0,174.23643618102165,26.747506707576644,147.488929473445,26.747506707576644,0.15351270545838944
234,10291732457,9235707993,0,60.79408524643321,34.61653114044685,26.17755410598636,26.17755410598636,0.4305937658223453
235,10291732457,9235707993,0,60.79408524643321,34.61653114044685,26.17755410598636,26.17755410598636,0.4305937658223453
236,244449799,9405615106,0,45.40902546161731,0.0,45.40902546161731,0.0,0.0
237,9755805559,26299410,0,170.63568685260324,5.908779420688311,164.72690743191492,5.908779420688311,0.034628040181256876
238,9235707943,9235707984,0,175.5515546811517,162.2307341152391,13.320820565912612,13.320820565912612,0.07587982111640516
239,6905250281,643851,0,23.964341078799613,10.143991427467524,13.820349651332089,10.143991427467524,0.4232952366231153
240,9755805559,26299410,0,170.63568685260324,2.7577834933320724,167.87790335927116,2.7577834933320724,0.01616182138800937
241,643930,643933,0,161.1409101151588,43.96588318075083,117.17502693440795,43.96588318075083,0.2728412241765965
242,301688528,9755805559,0,61.476037900384725,60.77207413414439,0.7039637662403351,0.7039637662403351,0.011451026941278036
243,611055,317020454,0,66.83538287131043,57.91798269500481,8.91740017630562,8.91740017630562,0.1334233424453603
244,342660306,26296951,0,145.89494442225387,119.0350875257421,26.859856896511772,26.859856896511772,0.18410409629255628
245,9755805559,10563335063,0,99.88782334633278,41.787481322197124,58.10034202413566,41.787481322197124,0.4183440976315086
246,9755805559,10563335063,0,99.88782334633278,41.787481322197124,58.10034202413566,41.787481322197124,0.4183440976315086
247,52162730,10624200323,0,198.97044991791756,188.1091467808734,10.86130313704416,10.86130313704416,0.05458751860653095
248,7275677007,9755805529,0,137.63338677762331,74.6339832952438,62.99940348237952,62.99940348237952,0.4577334392284393
249,9235707943,9235707984,0,175.5515546811517,118.00445675567835,57.547097925473366,57.547097925473366,0.3278073955539397
250,9405615106,921265743,0,301.18924676770894,131.04884694224032,170.14039982546862,131.04884694224032,0.43510466707767703
251,301688528,9319419235,0,144.73228205725678,138.17987972043505,6.552402336821729,6.552402336821729,0.04527256976594597
252,51458926,6047609599,0,68.42533394903214,6.109059206184446,62.31627474284769,6.109059206184446,0.08928066336855427
253,10563335054,5728993698,0,111.98019278156458,28.32916995450919,83.65102282705539,28.32916995450919,0.2529837576701605
254,26661432,342628235,0,63.1530776079258,52.23686655165722,10.91621105626858,10.91621105626858,0.17285319211266087
255,52351599,52162805,0,33.40078666597722,1.0875813902169822,32.31320527576024,1.0875813902169822,0.03256155015429073
256,9077392916,9405615106,0,113.5321494153336,36.54723390142067,76.98491551391294,36.54723390142067,0.32191087801676566
257,342579502,320951154,0,103.19001013039059,30.259205795925105,72.93080433446548,30.259205795925105,0.2932377442127359
258,26298474,26296951,0,224.0763533002627,103.04256345927323,121.03378984098947,103.04256345927323,0.4598546965872656
259,342660313,52167301,0,85.84618645244832,83.40991812967947,2.4362683227688535,2.4362683227688535,0.028379458930518065
260,643933,10103026371,0,174.23643618102165,4.524109586318322,169.7123265947033,4.524109586318322,0.025965347349150507
261,26298423,4540786888,0,23.24211486333223,15.242073172786554,8.000041690545675,8.000041690545675,0.34420455012753115
262,9077392916,9405615106,0,113.5321494153336,100.39792657686253,13.134222838471075,13.134222838471075,0.11568725604253531
263,9077392916,9405615106,0,113.5321494153336,100.39792657686253,13.134222838471075,13.134222838471075,0.11568725604253531
264,9077392916,9405615106,0,113.5321494153336,100.39792657686253,13.134222838471075,13.134222838471075,0.11568725604253531
265,244449799,9405615106,0,45.40902546161731,0.0,45.40902546161731,0.0,0.0
266,7275677007,9755805529,0,137.63338677762331,137.63338677762331,0.0,0.0,0.0
267,244449799,9405615106,0,45.40902546161731,5.585904878534052,39.82312058308326,5.585904878534052,0.12301309754501615
268,26298474,26296951,0,224.0763533002627,43.98277717815706,180.09357612210565,43.98277717815706,0.19628477762318838
269,9077392916,4029217601,0,45.794744879632916,19.242352559632344,26.55239232000057,19.242352559632344,0.4201869146822199
270,301688528,9319419235,0,144.73228205725678,11.056809454248635,133.67547260300816,11.056809454248635,0.07639490856555767
271,301688528,9319419235,0,144.73228205725678,11.056809454248635,133.67547260300816,11.056809454248635,0.07639490856555767
272,301688528,9319419235,0,144.73228205725678,11.056809454248635,133.67547260300816,11.056809454248635,0.07639490856555767
273,301688528,9319419235,0,144.73228205725678,11.056809454248635,133.67547260300816,11.056809454248635,0.07639490856555767
274,301688528,9319419235,0,144.73228205725678,11.056809454248635,133.67547260300816,11.056809454248635,0.07639490856555767
275,301688528,9319419235,0,144.73228205725678,11.056809454248635,133.67547260300816,11.056809454248635,0.07639490856555767
276,301688528,9319419235,0,144.73228205725678,11.056809454248635,133.67547260300816,11.056809454248635,0.07639490856555767
277,9755805559,26299410,0,170.63568685260324,58.46340663778502,112.17228021481822,58.46340663778502,0.3426212166760068
278,342660313,52167301,0,85.84618645244832,23.10644744194872,62.739739010499605,23.10644744194872,0.26916102388249685
279,342628235,682264890,0,123.28715661209853,8.874113943782133,114.4130426683164,8.874113943782133,0.07197922466249246
280,7275677007,9755805529,0,137.63338677762331,122.9999997697624,14.633387007860918,14.633387007860918,0.1063214918303532
281,7275677007,9755805529,0,137.63338677762331,122.9999997697624,14.633387007860918,14.633387007860918,0.1063214918303532
282,7275677007,9755805529,0,137.63338677762331,122.9999997697624,14.633387007860918,14.633387007860918,0.1063214918303532
283,342628235,5728993689,0,99.96040795153901,90.0867777648356,9.873630186703409,9.873630186703409,0.09877540907486254
284,342628235,5728993689,0,99.96040795153901,90.0867777648356,9.873630186703409,9.873630186703409,0.09877540907486254
285,10563335054,5728993698,0,111.98019278156458,75.34055627614947,36.63963650541511,36.63963650541511,0.3271974765830831
286,10563335054,5728993698,0,111.98019278156458,81.32083284022211,30.659359941342473,30.659359941342473,0.273792705475588
287,9077392916,4029217601,0,45.794744879632916,32.555481757536654,13.239263122096261,13.239263122096261,0.289100051914131
288,9077392916,9405615106,0,113.5321494153336,11.69479893589729,101.83735047943631,11.69479893589729,0.1030086983829956
289,10103026366,11729210421,0,183.36197895475755,165.64787301623295,17.714105938524597,17.714105938524597,0.09660730124916109
290,301689321,26300437,0,164.86638173456265,127.21844810726233,37.64793362730032,37.64793362730032,0.22835421770773168
291,9755805559,10563335063,0,99.88782334633278,99.88782334633278,0.0,0.0,0.0
292,9823132,3381506666,0,10.26772618071457,1.923935204163935,8.343790976550634,1.923935204163935,0.18737694892736623
293,9823132,3381506666,0,10.26772618071457,1.923935204163935,8.343790976550634,1.923935204163935,0.18737694892736623
294,9823132,3381506666,0,10.26772618071457,1.923935204163935,8.343790976550634,1.923935204163935,0.18737694892736623
295,9823132,3381506666,0,10.26772618071457,1.923935204163935,8.343790976550634,1.923935204163935,0.18737694892736623
296,9823132,3381506666,0,10.26772618071457,1.923935204163935,8.343790976550634,1.923935204163935,0.18737694892736623
297,9823132,3381506666,0,10.26772618071457,1.923935204163935,8.343790976550634,1.923935204163935,0.18737694892736623
298,10563335063,9755805559,0,99.88782334633278,53.08382131975406,46.80400202657872,46.80400202657872,0.4685656415226817
299,342628235,5728993689,0,99.96040795153901,61.42261617308618,38.53779177845283,38.53779177845283,0.3855305572295785
300,249813619,26298445,0,103.55827437207316,1.4134335732109382,102.14484079886222,1.4134335732109382,0.01364867830968901
301,6047609609,611055,0,107.88205437288106,2.964380207718411,104.91767416516265,2.964380207718411,0.027477973282492334
302,9755805559,10563335063,0,99.88782334633278,34.54456531595562,65.34325803037716,34.54456531595562,0.34583359771673183
303,7275677007,9755805529,0,137.63338677762331,16.709699575568088,120.92368720205522,16.709699575568088,0.12140731233015609
304,26298474,26296951,0,224.0763533002627,0.0,224.0763533002627,0.0,0.0
305,10103026366,11729210421,0,183.36197895475755,152.28757069347859,31.07440826127896,31.07440826127896,0.16947029279688464
306,26298423,7275677007,0,239.46148567802328,56.83273456554258,182.6287511124807,56.83273456554258,0.23733559659760534
307,342579667,26300437,0,42.373429860333005,34.47883739984907,7.894592460483935,7.894592460483935,0.18630997034002886
308,9755805559,26299410,0,170.63568685260324,2.753511311561946,167.8821755410413,2.753511311561946,0.016136784528200457
309,643933,10103026371,0,174.23643618102165,158.07909173996848,16.15734444105317,16.15734444105317,0.09273229408954747
310,342660306,26296951,0,145.89494442225387,0.15129379684261465,145.74365062541125,0.15129379684261465,0.0010370050685562843
311,643930,643933,0,161.1409101151588,159.3310600071684,1.8098501079903997,1.8098501079903997,0.011231475028265613
312,643933,10103026371,0,174.23643618102165,115.00638978354934,59.23004639747231,59.23004639747231,0.3399406444237398
313,9405615106,9077392916,0,113.53214941533358,2.918465690985378,110.6136837243482,2.918465690985378,0.025706072738117404
314,9405615106,244449799,0,45.40902546161731,1.5975963708680891,43.81142909074922,1.5975963708680891,0.03518235316938221
315,9823073,370191920,0,276.5034765311992,128.6551097271931,147.84836680400613,128.6551097271931,0.4652929190663406
316,9823073,370191920,0,276.5034765311992,128.6551097271931,147.84836680400613,128.6551097271931,0.4652929190663406
317,9823073,370191920,0,276.5034765311992,128.6551097271931,147.84836680400613,128.6551097271931,0.4652929190663406
318,9823073,370191920,0,276.5034765311992,128.6551097271931,147.84836680400613,128.6551097271931,0.4652929190663406
319,26298423,7275677007,0,239.46148567802328,73.28648690168166,166.17499877634162,73.28648690168166,0.30604707347477866
320,26661432,342628235,0,63.1530776079258,50.99501561523244,12.158061992693362,12.158061992693362,0.19251733174706767
321,1022749752,26661432,0,166.48810798653983,19.646978821982984,146.84112916455683,19.646978821982984,0.11800830137111892
322,26298474,26296951,0,224.0763533002627,129.85554531944805,94.22080798081464,94.22080798081464,0.42048527920551526
323,7275677007,4540786888,0,227.93471145506948,9.2212018803454,218.71350957472407,9.2212018803454,0.04045545244723766
324,643930,643933,0,161.1409101151588,115.05523984420824,46.085670270950544,46.085670270950544,0.28599609024186085
325,643930,643933,0,161.1409101151588,115.05523984420824,46.085670270950544,46.085670270950544,0.28599609024186085
326,11729210421,10103026366,0,183.36197895475755,47.41497228277413,135.94700667198342,47.41497228277413,0.258586717666661
327,643930,301688528,0,200.07871488204748,147.06528384798233,53.01343103406515,53.01343103406515,0.26496287256402157
328,643930,301688528,0,200.07871488204748,147.06528384798233,53.01343103406515,53.01343103406515,0.26496287256402157
329,342626318,955003902,0,36.06183478130967,33.81771264740678,2.2441221339028914,2.2441221339028914,0.06222983793009854
330,611055,342626322,0,95.6808375170478,60.10403259550101,35.576804921546795,35.576804921546795,0.3718279003902735
331,643930,301688528,0,200.07871488204748,144.1401580911388,55.93855679090868,55.93855679090868,0.2795827473396466
332,4842036912,51458940,0,132.94650387218874,30.687602755088292,102.25890111710045,30.687602755088292,0.23082669992277904
333,10103026366,11729210421,0,183.36197895475755,9.900288394917702,173.46169055983984,9.900288394917702,0.05399313669798734
334,643930,643933,0,161.1409101151588,67.36896754488525,93.77194257027354,67.36896754488525,0.41807488549456656
335,9405615106,921265743,0,301.18924676770894,10.034094076684843,291.1551526910241,10.034094076684843,0.03331491474004582
336,7275677007,9755805529,0,137.63338677762331,13.39034750558077,124.24303927204255,13.39034750558077,0.09728996589479987
337,7275677007,9755805529,0,137.63338677762331,13.39034750558077,124.24303927204255,13.39034750558077,0.09728996589479987
338,10563335054,5728993698,0,111.98019278156458,43.330893714421336,68.64929906714325,43.330893714421336,0.3869514120139553
339,9077392916,9405615106,0,113.5321494153336,110.49638220565018,3.035767209683428,3.035767209683428,0.026739273635855418
340,342660313,9077392916,0,42.25643789223817,26.37986383136748,15.876574060870688,15.876574060870688,0.3757196501361266
341,9755805559,26299410,0,170.63568685260324,5.006663934970759,165.62902291763248,5.006663934970759,0.02934124758612519
342,26298474,26296951,0,224.0763533002627,154.40765710425953,69.66869619600317,69.66869619600317,0.3109149857622281
343,10563335054,643911,0,24.60017957519211,4.385968067981093,20.21421150721102,4.385968067981093,0.1782900833945169
344,10563335054,643911,0,24.60017957519211,4.385968067981093,20.21421150721102,4.385968067981093,0.1782900833945169
345,26298474,26296951,0,224.0763533002627,0.0,224.0763533002627,0.0,0.0
346,301688528,9319419235,0,144.73228205725678,99.20887518873404,45.52340686852274,45.52340686852274,0.3145352662270154
347,9755805529,342579538,0,256.93541774694273,10.74901346696302,246.1864042799797,10.74901346696302,0.04183546807684486
348,316814429,316814359,0,85.47821671276918,38.05728491796687,47.420931794802314,38.05728491796687,0.4452278765460215
349,9755805559,26299410,0,170.63568685260324,9.949074288451719,160.68661256415152,9.949074288451719,0.05830594099020931
350,9755805529,7275677007,0,137.63338677762334,57.18269244773149,80.45069432989186,57.18269244773149,0.4154710843534103
351,26298474,26296951,0,224.0763533002627,124.7294267669001,99.34692653336259,99.34692653336259,0.443361939223625
352,643945,9823132,0,196.90628404802055,3.5068971649147533,193.3993868831058,3.5068971649147533,0.017809980935192034
353,7275677007,9755805529,0,137.63338677762331,112.60884775797535,25.02453901964796,25.02453901964796,0.1818202661835282
354,659985459,643851,0,27.438771908456417,25.6243460224955,1.8144258859609153,1.8144258859609153,0.06612635186495804
355,52350425,52351597,0,5.927493069856114,3.3836497690573206,2.5438433007987933,2.5438433007987933,0.42916006325428624
356,7275677007,9755805529,0,137.63338677762331,137.63338677762331,0.0,0.0,0.0
357,7275677007,9755805529,0,137.63338677762331,14.370486317692203,123.26290045993112,14.370486317692203,0.10441133982200736
358,10624200323,10624200325,0,6.047564920597493,4.829827979483349,1.2177369411141434,1.2177369411141434,0.2013598790757309
359,9823073,370191920,0,276.5034765311992,59.08790155693052,217.4155749742687,59.08790155693052,0.21369677625106948
360,9823073,370191920,0,276.5034765311992,59.08790155693052,217.4155749742687,59.08790155693052,0.21369677625106948
361,9823073,370191920,0,276.5034765311992,59.08790155693052,217.4155749742687,59.08790155693052,0.21369677625106948
362,9077392916,9405615106,0,113.5321494153336,9.165913863149685,104.36623555218392,9.165913863149685,0.08073408202304096
363,26298423,7275677007,0,239.46148567802328,192.10266772386382,47.35881795415946,47.35881795415946,0.19777217125361654
364,7275677007,9755805529,0,137.63338677762331,137.63338677762331,0.0,0.0,0.0
365,52351597,1743296708,0,23.91949419444685,18.413297565059406,5.506196629387446,5.506196629387446,0.23019703446178075
366,370191920,1743296708,0,250.68509278044093,237.43585937446886,13.249233405972063,13.249233405972063,0.0528520992573588
367,26298474,26296951,0,224.0763533002627,123.08126110293787,100.99509219732482,100.99509219732482,0.4507173144771382
368,7275677007,4540786888,0,227.93471145506948,9.2212018803454,218.71350957472407,9.2212018803454,0.04045545244723766
369,7275677007,4540786888,0,227.93471145506948,9.2212018803454,218.71350957472407,9.2212018803454,0.04045545244723766
370,358204009,10439948,0,694.9269339896038,26.41834185567943,668.5085921339244,26.41834185567943,0.03801599932817491
371,26300437,643907,0,40.52807142245727,22.516814972972448,18.011256449484826,18.011256449484826,0.4444143483103045
372,10291732457,316814429,0,168.07384511159648,157.96537341885875,10.108471692737737,10.108471692737737,0.06014303823433078
373,301688528,9319419235,0,144.73228205725678,21.048759816615718,123.68352224064107,21.048759816615718,0.1454323770579996
374,10563335054,5728993698,0,111.98019278156458,28.319881428957594,83.66031135260698,28.319881428957594,0.25290080973695134
375,342628235,5728993689,0,99.96040795153901,17.892601148275748,82.06780680326327,17.892601148275748,0.1789968800142364
376,9235707984,9235707993,0,52.07232036380669,26.004871675408555,26.067448688398134,26.004871675408555,0.4993991336226965
377,643929,643930,0,136.676534774817,10.236895801034237,126.43963897378275,10.236895801034237,0.07489870750601157
378,643929,643930,0,136.676534774817,10.236895801034237,126.43963897378275,10.236895801034237,0.07489870750601157
379,643929,643930,0,136.676534774817,10.236895801034237,126.43963897378275,10.236895801034237,0.07489870750601157
380,9755805559,10563335063,0,99.88782334633278,99.88782334633278,0.0,0.0,0.0
381,1022749752,26661432,0,166.48810798653983,88.81918385079439,77.66892413574544,77.66892413574544,0.4665133448571882
382,643929,643930,0,136.676534774817,85.43941600427416,51.23711877054282,51.23711877054282,0.3748786787355937
383,10563335054,5728993698,0,111.98019278156458,91.31710058130709,20.663092200257495,20.663092200257495,0.1845245278382775
384,10563335054,5728993698,0,111.98019278156458,91.31710058130709,20.663092200257495,20.663092200257495,0.1845245278382775
385,342628235,682264890,0,123.28715661209853,6.880986440674463,116.40617017142407,6.880986440674463,0.05581267854464584
386,9755805559,10563335063,0,99.88782334633278,48.656508024244985,51.231315322087795,48.656508024244985,0.48711150562909256
387,301689321,26300437,0,164.86638173456265,131.69056197210278,33.17581976245987,33.17581976245987,0.20122853072540547
388,301689321,26300437,0,164.86638173456265,131.69056197210278,33.17581976245987,33.17581976245987,0.20122853072540547
389,301689321,26300437,0,164.86638173456265,131.69056197210278,33.17581976245987,33.17581976245987,0.20122853072540547
390,26661432,342628235,0,63.1530776079258,42.222539858036605,20.930537749889197,20.930537749889197,0.33142545925999944
391,342628235,5728993689,0,99.96040795153901,5.598935544590062,94.36147240694895,5.598935544590062,0.05601153155861905
392,370191920,52162718,0,425.1983977753118,279.4694090641578,145.728988711154,145.728988711154,0.3427317446952417
393,370191920,52162718,0,425.1983977753118,279.4694090641578,145.728988711154,145.728988711154,0.3427317446952417
394,370191920,52162718,0,425.1983977753118,279.4694090641578,145.728988711154,145.728988711154,0.3427317446952417
395,301688528,9755805559,0,61.476037900384725,41.04401200779926,20.432025892585465,20.432025892585465,0.3323575589840932
396,51458940,1020030657,0,33.668725255035156,32.61538107096441,1.0533441840707454,1.0533441840707454,0.031285538020576466
397,7275677007,9755805529,0,137.63338677762331,137.63338677762331,0.0,0.0,0.0
398,7275677007,9755805529,0,137.63338677762331,137.63338677762331,0.0,0.0,0.0
399,7275677007,9755805529,0,137.63338677762331,137.63338677762331,0.0,0.0,0.0
400,659985459,643851,0,27.438771908456417,22.637306934448866,4.801464974007551,4.801464974007551,0.17498833366254912
401,659985459,643851,0,27.438771908456417,22.637306934448866,4.801464974007551,4.801464974007551,0.17498833366254912
402,342579502,5728993698,0,95.80320604898729,74.68347245259812,21.119733596389167,21.119733596389167,0.2204491317919983
403,342579502,5728993698,0,95.80320604898729,74.68347245259812,21.119733596389167,21.119733596389167,0.2204491317919983
404,342579502,5728993698,0,95.80320604898729,74.68347245259812,21.119733596389167,21.119733596389167,0.2204491317919983
405,342628235,682264890,0,123.28715661209853,9.870677695335967,113.41647891676256,9.870677695335967,0.08006249772141577
406,342628235,682264890,0,123.28715661209853,9.870677695335967,113.41647891676256,9.870677695335967,0.08006249772141577
407,342628235,682264890,0,123.28715661209853,9.870677695335967,113.41647891676256,9.870677695335967,0.08006249772141577
408,26298423,4540786888,0,23.24211486333223,7.350362062781262,15.891752800550968,7.350362062781262,0.31625186029768365
409,9755805529,7275677007,0,137.63338677762334,85.38507965116004,52.2483071264633,52.2483071264633,0.3796194248339017
410,9755805559,10563335063,0,99.88782334633278,77.11942985628433,22.768393490048453,22.768393490048453,0.2279396299497436
411,682264890,26661423,0,33.91375300896694,15.255972979451585,18.657780029515358,15.255972979451585,0.44984620178774787
412,682264890,643914,0,116.13271478114794,104.24863760650626,11.884077174641675,11.884077174641675,0.10233186399747232
413,682264890,643914,0,116.13271478114794,104.24863760650626,11.884077174641675,11.884077174641675,0.10233186399747232
414,342628235,682264890,0,123.28715661209853,7.877550192228298,115.40960641987023,7.877550192228298,0.06389595160356916
415,317032947,4842036912,0,42.50901474095101,38.99619516357077,3.5128195773802418,3.5128195773802418,0.08263705001838519
416,317032947,4842036912,0,42.50901474095101,38.99619516357077,3.5128195773802418,3.5128195773802418,0.08263705001838519
417,921265743,9405615106,0,301.18924676770894,169.09016071693844,132.0990860507705,132.0990860507705,0.4385916411971089
418,6047609602,682264890,0,35.03199481028963,30.935401433389806,4.0965933768998255,4.0965933768998255,0.11693862707745578
419,6047609602,682264890,0,35.03199481028963,30.935401433389806,4.0965933768998255,4.0965933768998255,0.11693862707745578
420,6047609602,682264890,0,35.03199481028963,30.935401433389806,4.0965933768998255,4.0965933768998255,0.11693862707745578
421,6047609602,682264890,0,35.03199481028963,30.935401433389806,4.0965933768998255,4.0965933768998255,0.11693862707745578
422,6047609602,682264890,0,35.03199481028963,30.935401433389806,4.0965933768998255,4.0965933768998255,0.11693862707745578
423,6047609602,682264890,0,35.03199481028963,30.935401433389806,4.0965933768998255,4.0965933768998255,0.11693862707745578
424,6047609602,682264890,0,35.03199481028963,30.935401433389806,4.0965933768998255,4.0965933768998255,0.11693862707745578
425,6047609602,682264890,0,35.03199481028963,30.935401433389806,4.0965933768998255,4.0965933768998255,0.11693862707745578
426,1600382025,4029217601,0,34.361018047571136,10.397151016666806,23.963867030904332,10.397151016666806,0.3025856510500493
427,643851,1020737601,0,7.995276440427388,5.335989107775889,2.659287332651499,2.659287332651499,0.33260730288261886
428,342620651,1020737722,0,18.32487226004556,1.9145740906391764,16.41029816940638,1.9145740906391764,0.10447953270668073
429,643930,643933,0,161.1409101151588,126.85285166853983,34.28805844661896,34.28805844661896,0.2127830755213876
430,26298428,26298429,0,86.18873377641975,2.3952044389683897,83.79352933745136,2.3952044389683897,0.027790226564666044
431,320952835,342626318,0,49.963429244339615,43.34493201309099,6.618497231248625,6.618497231248625,0.1324668328685313
432,320952835,342626318,0,49.963429244339615,43.34493201309099,6.618497231248625,6.618497231248625,0.1324668328685313
433,7275677007,4540786888,0,227.93471145506948,225.9805244025969,1.9541870524725766,1.9541870524725766,0.008573450879848926
434,4842036915,51458932,0,19.807171768859337,8.911852730339488,10.89531903851985,8.911852730339488,0.4499306026290248
435,4842036915,51458932,0,19.807171768859337,8.911852730339488,10.89531903851985,8.911852730339488,0.4499306026290248
436,11729210421,10103026366,0,183.36197895475755,170.19506123421743,13.166917720540113,13.166917720540113,0.07180833123419167
437,643945,6211583013,0,44.62886734064408,33.86323220216008,10.765635138484,10.765635138484,0.24122582041600682
438,52351597,52162805,0,19.21360249576196,2.229151742173383,16.98445075358858,2.229151742173383,0.11601945770789616
439,52351597,52162805,0,19.21360249576196,2.229151742173383,16.98445075358858,2.229151742173383,0.11601945770789616
440,52351597,52162805,0,19.21360249576196,2.229151742173383,16.98445075358858,2.229151742173383,0.11601945770789616
441,52351597,52162805,0,19.21360249576196,2.229151742173383,16.98445075358858,2.229151742173383,0.11601945770789616
442,10103026366,11729210421,0,183.36197895475755,49.10967695510592,134.25230199965162,49.10967695510592,0.26782911721967817
443,301688528,9755805559,0,61.476037900384725,61.476037900384725,0.0,0.0,0.0
444,2377604559,51458926,0,102.18817884986629,97.30781414326393,4.880364706602364,4.880364706602364,0.04775860340727415
445,4029217601,342660313,0,10.93945534046623,4.634827491236445,6.304627849229785,4.634827491236445,0.4236799133949307
446,10103026366,11729210421,0,183.36197895475755,121.70043900394926,61.66153995080829,61.66153995080829,0.33628312860880805
447,301688528,9319419235,0,144.73228205725678,12.210620318134401,132.52166173912238,12.210620318134401,0.08436694388128159
448,9755805559,10563335063,0,99.88782334633278,99.88782334633278,0.0,0.0,0.0
449,342660345,342660313,0,47.34318132982291,46.53199014306048,0.8111911867624286,0.8111911867624286,0.017134277080180806
450,342660345,342660313,0,47.34318132982291,46.53199014306048,0.8111911867624286,0.8111911867624286,0.017134277080180806
451,921265743,9405615106,0,301.18924676770894,301.17347862067396,0.015768147034975755,0.015768147034975755,5.235295484216566e-05
452,1022749752,26661432,0,166.48810798653983,40.5869699219587,125.90113806458113,40.5869699219587,0.2437829969527917
453,1022749752,26661432,0,166.48810798653983,40.5869699219587,125.90113806458113,40.5869699219587,0.2437829969527917
454,643907,26298423,0,15.659044444469398,1.4308849996253756,14.228159444844023,1.4308849996253756,0.09137754252500052
455,301688528,9319419235,0,144.73228205725678,51.05259396654074,93.67968809071604,51.05259396654074,0.3527381261517323
456,52351597,1743296708,0,23.91949419444685,8.899202564312892,15.02029163013396,8.899202564312892,0.372048108207026
457,52167239,342660306,0,87.55905436318574,44.14328831518771,43.41576604799803,43.41576604799803,0.49584553378013885
458,26298474,26296951,0,224.0763533002627,43.98277717815706,180.09357612210565,43.98277717815706,0.19628477762318838
459,643933,10103026371,0,174.23643618102165,174.23643618102165,0.0,0.0,0.0
460,342626318,955003902,0,36.06183478130967,14.129272021087301,21.932562760222368,14.129272021087301,0.39180679815022335
461,955003902,611057,0,8.108729687465955,6.8714312792673615,1.2372984081985932,1.2372984081985932,0.1525884393595144
462,244449799,9405615106,0,45.40902546161731,0.0,45.40902546161731,0.0,0.0
463,643930,643933,0,161.1409101151588,156.24906799417496,4.891842120983824,4.891842120983824,0.03035754308131862
464,643933,10103026371,0,174.23643618102165,174.23643618102165,0.0,0.0,0.0
465,643930,643933,0,161.1409101151588,64.63196486713568,96.50894524802311,64.63196486713568,0.40108973457421004
466,643933,643936,0,55.44003740314511,11.103920211204484,44.33611719194063,11.103920211204484,0.20028702597113612
467,3181227681,9823004,0,143.82357080522385,81.60099334514227,62.22257746008158,62.22257746008158,0.43263129340842077
468,7275677007,9755805529,0,137.63338677762331,114.91457551427268,22.71881126335063,22.71881126335063,0.16506758857905468
469,317087679,320952835,0,164.38768605819172,52.55880229145504,111.82888376673668,52.55880229145504,0.3197246919872679
470,52167239,342660306,0,87.55905436318574,74.26492746255745,13.294126900628285,13.294126900628285,0.15183040745832688
471,9755805559,10563335063,0,99.88782334633278,4.394657790600267,95.49316555573252,4.394657790600267,0.04399593106922586
472,1591373213,26298441,0,111.00939699561452,110.0609693596145,0.9484276360000194,0.9484276360000194,0.008543669830379201
473,1591373213,26298441,0,111.00939699561452,110.0609693596145,0.9484276360000194,0.9484276360000194,0.008543669830379201
474,1606819527,2377604550,0,17.515361555093868,2.1426854391556933,15.372676115938175,2.1426854391556933,0.12233178472599393
475,52167638,52167239,0,203.95898928714107,140.40674406321506,63.55224522392601,63.55224522392601,0.31159325434023794
476,643933,643936,0,55.44003740314511,19.70506110312992,35.73497630001519,19.70506110312992,0.35543015528362637
477,643933,643936,0,55.44003740314511,19.70506110312992,35.73497630001519,19.70506110312992,0.35543015528362637
478,249813619,26298445,0,103.55827437207316,2.394152362760272,101.16412200931289,2.394152362760272,0.023118890086545413
479,301688528,9319419235,0,144.73228205725678,122.06197479496514,22.670307262291644,22.670307262291644,0.1566361487572148
480,643933,10103026371,0,174.23643618102165,125.09127741459945,49.1451587664222,49.1451587664222,0.28206016975326104
481,9755805559,10563335063,0,99.88782334633278,52.006492752501586,47.881330593831194,47.881330593831194,0.4793510258784619
482,643930,643933,0,161.1409101151588,153.23168912273238,7.9092209924264125,7.9092209924264125,0.049082638212568835
483,342628235,5728993689,0,99.96040795153901,53.90796761090935,46.05244034062966,46.05244034062966,0.4607068066684558
484,7275677007,4540786888,0,227.93471145506948,30.968014477292943,196.96669697777654,30.968014477292943,0.13586352986608344
485,26298435,304904904,0,151.39409752313986,2.3510559815208456,149.043041541619,2.3510559815208456,0.015529376772178968
486,26298435,304904904,0,151.39409752313986,2.3510559815208456,149.043041541619,2.3510559815208456,0.015529376772178968
487,26298435,304904904,0,151.39409752313986,2.3510559815208456,149.043041541619,2.3510559815208456,0.015529376772178968
488,26298435,304904904,0,151.39409752313986,2.3510559815208456,149.043041541619,2.3510559815208456,0.015529376772178968
489,342660306,26296951,0,145.89494442225387,138.12276306325714,7.772181358996733,7.772181358996733,0.053272451555978755
490,2014304918,1675168064,0,27.023631814150043,11.46884152644587,15.554790287704174,11.46884152644587,0.4244004508839032
491,51458926,6047609599,0,68.42533394903214,7.092076814100818,61.333257134931316,7.092076814100818,0.10364694484916188
492,10563335063,9755805559,0,99.88782334633278,12.544349418110714,87.34347392822207,12.544349418110714,0.12558437052549168
493,26298474,26296951,0,224.0763533002627,0.0,224.0763533002627,0.0,0.0
494,7241259895,342579565,0,27.785762034306213,0.0,27.785762034306213,0.0,0.0
495,643930,301688528,0,200.07871488204748,106.60235650723094,93.47635837481654,93.47635837481654,0.46719791473032857
496,250214013,340480304,0,211.7376933215135,78.91635844899533,132.82133487251815,78.91635844899533,0.37270812395771513
497,301689321,26300437,0,164.86638173456265,108.01535367080065,56.851028063762,56.851028063762,0.34483093196824693
498,342628235,5728993689,0,99.96040795153901,58.762571413022,41.19783653851701,41.19783653851701,0.41214154066367753
499,342628235,5728993689,0,99.96040795153901,7.793365601334883,92.16704235020413,7.793365601334883,0.07796452376538039
500,5728993707,6264670261,0,81.42587250044666,5.074707115464426,76.35116538498224,5.074707115464426,0.06232303025597409
501,30822588,26298426,0,59.644019587543106,5.2663028558065,54.377716731736605,5.2663028558065,0.08829557250206505
502,1591373213,395471671,0,65.48498653817063,6.386829265723389,59.09815727244724,6.386829265723389,0.09753119918564175
503,1591373213,395471671,0,65.48498653817063,6.386829265723389,59.09815727244724,6.386829265723389,0.09753119918564175
504,1591373213,395471671,0,65.48498653817063,6.386829265723389,59.09815727244724,6.386829265723389,0.09753119918564175
505,643930,301688528,0,200.07871488204748,43.010805658063994,157.0679092239835,43.010805658063994,0.21496942182690537
506,10563335054,5728993698,0,111.98019278156458,84.3308855298667,27.649307251697877,27.649307251697877,0.2469124812602556
507,51458940,1606959335,0,40.09273928856574,25.460359310114175,14.632379978451564,14.632379978451564,0.3649633384522731
508,7275677007,9755805529,0,137.63338677762331,137.63338677762331,0.0,0.0,0.0
509,7275677007,9755805529,0,137.63338677762331,137.63338677762331,0.0,0.0,0.0
510,1020030657,1606959335,0,44.94106765288233,3.37938242176189,41.56168523112044,3.37938242176189,0.0751958642341055
511,1020030657,1606959335,0,44.94106765288233,3.37938242176189,41.56168523112044,3.37938242176189,0.0751958642341055
512,7275677007,9755805529,0,137.63338677762331,34.168410781812554,103.46497599581076,34.168410781812554,0.24825670269248737
513,5728993707,6309354601,0,43.53667012250093,0.0,43.53667012250093,0.0,0.0
514,10563335054,5728993698,0,111.98019278156458,77.3274180894594,34.65277469210518,34.65277469210518,0.3094545011161126
515,9755805559,26299410,0,170.63568685260324,169.04145724633972,1.594229606263525,1.594229606263525,0.009342885041630453
516,643933,10103026371,0,174.23643618102165,50.15715439972982,124.07928178129183,50.15715439972982,0.287868344297512
517,249813619,26298445,0,103.55827437207316,65.73816561082937,37.82010876124379,37.82010876124379,0.36520605418124696
518,643930,301688528,0,200.07871488204748,167.40626339410696,32.67245148794052,32.67245148794052,0.16329798753056732
519,1020030657,1606959335,0,44.94106765288233,3.37938242176189,41.56168523112044,3.37938242176189,0.0751958642341055
520,9405615106,9077392916,0,113.53214941533358,3.0944179690324654,110.43773144630111,3.0944179690324654,0.027255874084724546
521,9405615106,9077392916,0,113.53214941533358,3.0944179690324654,110.43773144630111,3.0944179690324654,0.027255874084724546
522,9405615106,9077392916,0,113.53214941533358,3.0944179690324654,110.43773144630111,3.0944179690324654,0.027255874084724546
523,301688528,9755805559,0,61.476037900384725,60.81304266356673,0.6629952368179914,0.6629952368179914,0.010784612337774656
524,301688528,9319419235,0,144.73228205725678,16.994068792040746,127.73821326521603,16.994068792040746,0.11741726552282103
525,52162730,10624200323,0,198.97044991791756,185.28072622331837,13.689723694599195,13.689723694599195,0.06880279810517942
526,52162730,10624200323,0,198.97044991791756,185.28072622331837,13.689723694599195,13.689723694599195,0.06880279810517942
527,52162730,10624200323,0,198.97044991791756,185.28072622331837,13.689723694599195,13.689723694599195,0.06880279810517942
528,1022749752,26661432,0,166.48810798653983,89.67406371924338,76.81404426729645,76.81404426729645,0.4613785644888624
529,9755805559,26299410,0,170.63568685260324,4.562014464767174,166.07367238783607,4.562014464767174,0.026735406578272725
530,9823073,370191920,0,276.5034765311992,169.16244942370852,107.3410271074907,107.3410271074907,0.38820859851061906
531,9823073,370191920,0,276.5034765311992,169.16244942370852,107.3410271074907,107.3410271074907,0.38820859851061906
532,9823073,370191920,0,276.5034765311992,169.16244942370852,107.3410271074907,107.3410271074907,0.38820859851061906
533,317020454,317087861,0,34.72359263524663,1.5340322244074216,33.18956041083921,1.5340322244074216,0.04417838443509104
534,26298423,7275677007,0,239.46148567802328,231.6656331722643,7.7958525057589725,7.7958525057589725,0.03255576772058105
535,244449799,9405615106,0,45.40902546161731,0.0,45.40902546161731,0.0,0.0
536,26298423,7275677007,0,239.46148567802328,84.5946420140247,154.86684366399857,84.5946420140247,0.3532703464797238
537,342660331,342660345,0,92.79314954638538,85.0462398220415,7.74690972434388,7.74690972434388,0.08348579353340474
538,6047609609,611055,0,107.88205437288106,86.00526358629304,21.876790786588018,21.876790786588018,0.20278433622494413
539,6047609609,611055,0,107.88205437288106,86.00526358629304,21.876790786588018,21.876790786588018,0.20278433622494413
540,643930,643933,0,161.1409101151588,161.1409101151588,0.0,0.0,0.0
541,9755805559,26299410,0,170.63568685260324,170.63568685260324,0.0,0.0,0.0
542,9405615106,921265743,0,301.18924676770894,138.5252301934726,162.66401657423634,138.5252301934726,0.4599275428325954
543,26298474,26296951,0,224.0763533002627,126.48353648398104,97.59281681628165,97.59281681628165,0.4355337606084079
544,9755805529,342579538,0,256.93541774694273,58.46475334094072,198.47066440600202,58.46475334094072,0.2275464934091843
545,643933,10103026371,0,174.23643618102165,170.36585472341906,3.870581457602583,3.870581457602583,0.022214535274248097
546,9319419235,5728993698,0,28.990193799766853,5.642983407241978,23.347210392524875,5.642983407241978,0.19465145511677678
547,9319419235,5728993698,0,28.990193799766853,5.642983407241978,23.347210392524875,5.642983407241978,0.19465145511677678
548,342660313,52167301,0,85.84618645244832,25.367268859893827,60.478917592554495,25.367268859893827,0.2954967472427583
549,26298423,7275677007,0,239.46148567802328,191.19306986845987,48.26841580956341,48.26841580956341,0.20157068546072782
550,474665273,5728993689,0,116.01764595559264,114.46789002785955,1.549755927733088,1.549755927733088,0.013357932881402183
551,9755805559,26299410,0,170.63568685260324,49.091973948324124,121.54371290427912,49.091973948324124,0.28770050892537063
552,5728993707,6264670261,0,81.42587250044666,8.881602975265862,72.5442695251808,8.881602975265862,0.10907593253258836
553,5728993707,6264670261,0,81.42587250044666,8.881602975265862,72.5442695251808,8.881602975265862,0.10907593253258836
554,7275677007,9755805529,0,137.63338677762331,137.63338677762331,0.0,0.0,0.0
555,342660306,26296951,0,145.89494442225387,141.7845335851507,4.11041083710316,4.11041083710316,0.028173771568168093
556,342579502,320951154,0,103.19001013039059,20.273677604368842,82.91633252602175,20.273677604368842,0.19646938282834825
557,342579502,320951154,0,103.19001013039059,20.273677604368842,82.91633252602175,20.273677604368842,0.19646938282834825
558,342579502,320951154,0,103.19001013039059,20.273677604368842,82.91633252602175,20.273677604368842,0.19646938282834825
559,11729210420,10103026390,0,39.677544012403025,13.36222433612209,26.315319676280936,13.36222433612209,0.33677044960104174
560,317087689,320951154,0,51.36513550472539,47.168058408520274,4.197077096205113,4.197077096205113,0.08171062053986014
561,1591373192,26298438,0,70.2146025130339,67.27262941886693,2.9419730941669684,2.9419730941669684,0.04189973294544894
562,26298423,7275677007,0,239.46148567802328,239.46148567802328,0.0,0.0,0.0
563,643930,643933,0,161.1409101151588,159.3310600071684,1.8098501079903997,1.8098501079903997,0.011231475028265613
564,26298445,3381506666,0,53.69332798687318,21.01061116904815,32.682716817825025,21.01061116904815,0.3913076718616655
565,26298445,3381506666,0,53.69332798687318,21.01061116904815,32.682716817825025,21.01061116904815,0.3913076718616655
566,301688528,9319419235,0,144.73228205725678,83.17765614412825,61.55462591312853,61.55462591312853,0.42529990571679943
567,10103026390,11729210420,0,39.67754401240303,28.15245578757531,11.525088224827723,11.525088224827723,0.2904687906394869
568,9077392916,9405615106,0,113.5321494153336,108.49982508056931,5.032324334764297,5.032324334764297,0.04432510404039469
569,9755805559,26299410,0,170.63568685260324,2.753511311561946,167.8821755410413,2.753511311561946,0.016136784528200457
570,9755805559,10563335063,0,99.88782334633278,62.946816163190164,36.94100718314262,36.94100718314262,0.3698249290612743
571,659971029,1022749752,0,114.29526386290671,18.53537286265539,95.75989100025132,18.53537286265539,0.16217096173720671
572,26298474,26296951,0,224.0763533002627,1.4347285004396932,222.641624799823,1.4347285004396932,0.006402855452208983
573,26298423,7275677007,0,239.46148567802328,237.19035927690854,2.271126401114742,2.271126401114742,0.009484307652582045
574,342620628,51458932,0,55.36465734579943,45.10835487346542,10.256302472334006,10.256302472334006,0.1852499945637641
575,342620651,1020737722,0,18.32487226004556,17.336485257483336,0.9883870025622237,0.9883870025622237,0.05393691091191084
576,9755805559,10563335063,0,99.88782334633278,8.513554246285745,91.37426910004703,8.513554246285745,0.08523115191695992
577,9405615106,921265743,0,301.18924676770894,8.973076174541907,292.216170593167,8.973076174541907,0.02979215317558252
578,10563335054,5728993698,0,111.98019278156458,78.32084899611436,33.65934378545022,33.65934378545022,0.3005830133826274
579,9755805529,7275677007,0,137.63338677762334,44.316609005863064,93.31677777176029,44.316609005863064,0.3219902528262723
580,9755805559,26299410,0,170.63568685260324,5.900235057148056,164.7354517954552,5.900235057148056,0.03457796646163904
581,9755805559,301688528,0,61.47603790038473,45.725438238297045,15.750599662087687,15.750599662087687,0.2562071369597668
582,342660313,52167301,0,85.84618645244832,42.87229647294274,42.97388997950558,42.87229647294274,0.499408281772545
583,5728993689,3181227681,0,25.75184752630624,11.50553182380482,14.24631570250142,11.50553182380482,0.4467847136812842
584,7275677007,4540786888,0,227.93471145506948,223.50766680545203,4.427044649617443,4.427044649617443,0.019422424172941745
585,9755805559,10563335063,0,99.88782334633278,99.88782334633278,0.0,0.0,0.0
586,304904904,26298435,0,151.39409752313983,150.15522370453826,1.2388738186015757,1.2388738186015757,0.008183105146567686
587,301688528,9319419235,0,144.73228205725678,54.171868054762754,90.56041400249403,54.171868054762754,0.37429015341119337
588,301688528,9319419235,0,144.73228205725678,54.171868054762754,90.56041400249403,54.171868054762754,0.37429015341119337
589,26298474,26296951,0,224.0763533002627,123.08126110293787,100.99509219732482,100.99509219732482,0.4507173144771382
590,26298474,26296951,0,224.0763533002627,123.08126110293787,100.99509219732482,100.99509219732482,0.4507173144771382
591,7275677007,4540786888,0,227.93471145506948,81.62246342311177,146.31224803195772,81.62246342311177,0.3580958025307225
592,5728993698,9319419235,0,28.990193799766857,24.36623448868559,4.6239593110812685,4.6239593110812685,0.15950080717012852
593,9755805529,7275677007,0,137.63338677762334,132.64262102590462,4.990765751718726,4.990765751718726,0.03626130162576318
594,9755805529,7275677007,0,137.63338677762334,132.64262102590462,4.990765751718726,4.990765751718726,0.03626130162576318
595,9755805529,7275677007,0,137.63338677762334,132.64262102590462,4.990765751718726,4.990765751718726,0.03626130162576318
596,682264890,643914,0,116.13271478114794,110.03534054176035,6.097374239387591,6.097374239387591,0.0525035021430274
597,26298428,26298429,0,86.18873377641975,0.44178362574844515,85.74695015067131,0.44178362574844515,0.005125769997903277
598,26298428,26298429,0,86.18873377641975,0.44178362574844515,85.74695015067131,0.44178362574844515,0.005125769997903277
599,301688528,9319419235,0,144.73228205725678,80.99370150007832,63.738580557178466,63.738580557178466,0.44038952230410616
600,11729210421,10103026366,0,183.36197895475755,175.84120545446777,7.520773500289778,7.520773500289778,0.04101599220929788
601,10103026366,10103026371,0,12.341310795906269,5.65195364522405,6.689357150682219,5.65195364522405,0.45797028684334384
602,9405615106,921265743,0,301.18924676770894,4.014935027973835,297.1743117397351,4.014935027973835,0.013330273477759114
603,10291732457,316814429,0,168.07384511159648,35.70296595993013,132.37087915166634,35.70296595993013,0.21242428253024337
604,9755805529,342579538,0,256.93541774694273,1.6219737679272273,255.31344397901552,1.6219737679272273,0.006312768329684774
605,342579667,342579538,0,25.866017136695056,0.0,25.866017136695056,0.0,0.0
606,342628235,682264890,0,123.28715661209853,122.09378730190956,1.1933693101889702,1.1933693101889702,0.009679591475563817
607,26298423,7275677007,0,239.46148567802328,13.019396181934296,226.44208949608898,13.019396181934296,0.05436947885406508
608,244449799,9405615106,0,45.40902546161731,21.371957911001772,24.03706755061554,21.371957911001772,0.47065440611727627
609,342628235,5728993689,0,99.96040795153901,11.621461682266094,88.33894626927292,11.621461682266094,0.11626064679428079
610,317020454,317087866,0,31.64615321332449,12.215253460908539,19.43089975241595,12.215253460908539,0.3859948910240804
611,7275677007,4540786888,0,227.93471145506948,1.690277117370454,226.24443433769903,1.690277117370454,0.007415619615723346
612,643911,643914,0,35.93010894165425,28.34343143641764,7.586677505236608,7.586677505236608,0.21115097417478948
613,7275677007,9755805529,0,137.63338677762331,53.02015795938723,84.61322881823608,53.02015795938723,0.38522744517689467
614,11729210422,11729210421,0,10.344857875507186,1.5040308315719397,8.840827043935246,1.5040308315719397,0.14538922135730167
615,6047609602,682264890,0,35.03199481028963,18.37326779096596,16.65872701932367,16.65872701932367,0.4755289303260188
616,9077392916,9405615106,0,113.5321494153336,28.152826476986956,85.37932293834665,28.152826476986956,0.24797228469616772
617,7275677007,4540786888,0,227.93471145506948,2.9379711424269144,224.99674031264257,2.9379711424269144,0.012889529302806728
618,9755805559,301688528,0,61.47603790038473,0.0,61.47603790038473,0.0,0.0
619,9755805559,10563335063,0,99.88782334633278,99.88782334633278,0.0,0.0,0.0
620,9077392916,9405615106,0,113.5321494153336,58.307787061056175,55.22436235427743,55.22436235427743,0.48642047771200614
621,342628235,5728993689,0,99.96040795153901,58.74925497155829,41.211152979980724,41.211152979980724,0.41227475782171646
622,26298474,26296951,0,224.0763533002627,169.99034823985122,54.08600506041148,54.08600506041148,0.24137310458607894
623,342628235,5728993689,0,99.96040795153901,60.69109649240336,39.26931145913565,39.26931145913565,0.39284865141980496
624,615978081,1569761300,0,18.913395588401997,4.650599864164079,14.262795724237918,4.650599864164079,0.24588920812378623
625,643851,762669698,0,70.53804701069176,1.125339548803947,69.4127074618878,1.125339548803947,0.0159536533331207
626,370191920,52162718,0,425.1983977753118,283.69693675915727,141.5014610161545,141.5014610161545,0.33278926203980747
627,762669698,51458926,0,18.724438287464427,10.193721951268168,8.530716336196258,8.530716336196258,0.455592643433655
628,9077392916,9405615106,0,113.5321494153336,27.48219704613348,86.04995236920013,27.48219704613348,0.24206532852289805
629,26298474,26296951,0,224.0763533002627,104.0756438326639,120.0007094675988,104.0756438326639,0.4644650910272641
630,342628235,682264890,0,123.28715661209853,20.531710400664323,102.7554462114342,20.531710400664323,0.16653567950523637
631,301688528,9755805559,0,61.476037900384725,0.4875816364899916,60.98845626389473,0.4875816364899916,0.007931246923883821
632,1606959380,1020030657,0,9.451580676234935,4.470432021678383,4.981148654556551,4.470432021678383,0.4729824750815324
633,1606959380,1020030657,0,9.451580676234935,4.470432021678383,4.981148654556551,4.470432021678383,0.4729824750815324
634,9755805559,10563335063,0,99.88782334633278,65.37100867205044,34.516814674282344,34.516814674282344,0.34555577965299183
635,10563335054,5728993698,0,111.98019278156458,66.34721229596197,45.632980485602616,45.632980485602616,0.4075093938676914
636,7275677007,9755805529,0,137.63338677762331,35.56053383341995,102.07285294420336,35.56053383341995,0.2583714218329578
637,342628235,5728993689,0,99.96040795153901,4.442899170253262,95.51750878128576,4.442899170253262,0.044446589017595725
638,9755805559,26299410,0,170.63568685260324,105.9949158892766,64.64077096332664,64.64077096332664,0.3788232822549246
639,342660306,26296951,0,145.89494442225387,13.288901034809507,132.60604338744437,13.288901034809507,0.09108541140636334
640,51458926,6047609599,0,68.42533394903214,3.1600063824353257,65.26532756659681,3.1600063824353257,0.04618181892673135
641,11729210421,10103026366,0,183.36197895475755,0.17057257451100433,183.19140638024655,0.17057257451100433,0.000930250510402111
642,11729210421,10103026366,0,183.36197895475755,0.17057257451100433,183.19140638024655,0.17057257451100433,0.000930250510402111
643,52163767,358204009,0,460.46382755134243,42.23838370959689,418.2254438417456,42.23838370959689,0.0917300799374675
644,52163767,358204009,0,460.46382755134243,42.23838370959689,418.2254438417456,42.23838370959689,0.0917300799374675
645,52163767,358204009,0,460.46382755134243,42.23838370959689,418.2254438417456,42.23838370959689,0.0917300799374675
646,1606959387,659985459,0,88.63975762373593,8.805164089606128,79.83459353412981,8.805164089606128,0.099336509097677
647,9791722,26298435,0,104.36087591909285,0.0,104.36087591909285,0.0,0.0
648,9791722,26298435,0,104.36087591909285,0.0,104.36087591909285,0.0,0.0
649,51458926,320959781,0,37.444335042069504,2.257739848353475,35.18659519371603,2.257739848353475,0.06029589912110487
650,1022749752,26661432,0,166.48810798653983,85.20565200733995,81.28245597919988,81.28245597919988,0.48821778901932966
651,51458926,6047609599,0,68.42533394903214,3.1600063824353257,65.26532756659681,3.1600063824353257,0.04618181892673135
652,51458926,6047609599,0,68.42533394903214,3.1600063824353257,65.26532756659681,3.1600063824353257,0.04618181892673135
653,659985459,1606959380,0,96.83686923340969,51.31909857031088,45.51777066309881,45.51777066309881,0.47004587223266736
654,249813619,26298445,0,103.55827437207316,98.86138342748625,4.696890944586912,4.696890944586912,0.04535505224538132
655,301689321,26300437,0,164.86638173456265,136.60574826597838,28.260633468584274,28.260633468584274,0.1714153799656034
656,7275677007,9755805529,0,137.63338677762331,137.63338677762331,0.0,0.0,0.0
657,2377604580,317442075,0,27.14542616138068,21.11718369058041,6.028242470800269,6.028242470800269,0.22207212496728246
658,244449799,9405615106,0,45.40902546161731,0.0,45.40902546161731,0.0,0.0
659,7275677007,9755805529,0,137.63338677762331,122.19453276590323,15.438854011720082,15.438854011720082,0.11217375647861452
660,7275677007,9755805529,0,137.63338677762331,122.19453276590323,15.438854011720082,15.438854011720082,0.11217375647861452
661,7275677007,9755805529,0,137.63338677762331,122.19453276590323,15.438854011720082,15.438854011720082,0.11217375647861452
662,342620628,762669698,0,177.35757825906214,173.21260858809399,4.144969670968152,4.144969670968152,0.02337069389227727
663,342620628,762669698,0,177.35757825906214,173.21260858809399,4.144969670968152,4.144969670968152,0.02337069389227727
664,342620628,762669698,0,177.35757825906214,173.21260858809399,4.144969670968152,4.144969670968152,0.02337069389227727
665,342620628,762669698,0,177.35757825906214,173.21260858809399,4.144969670968152,4.144969670968152,0.02337069389227727
666,342620628,762669698,0,177.35757825906214,173.21260858809399,4.144969670968152,4.144969670968152,0.02337069389227727
667,659985459,1606959380,0,96.83686923340969,1.7563130842359091,95.08055614917377,1.7563130842359091,0.018136822246933648
668,301689321,26300437,0,164.86638173456265,137.04886548954497,27.817516245017686,27.817516245017686,0.1687276444860924
669,9755805559,10563335063,0,99.88782334633278,99.88782334633278,0.0,0.0,0.0
670,762669698,342620651,0,103.62386942321697,72.36536073999015,31.25850868322682,31.25850868322682,0.3016535558575015
671,26298474,26296951,0,224.0763533002627,126.12219823547416,97.95415506478854,97.95415506478854,0.4371463281247254
672,474665273,5728993689,0,116.01764595559264,88.62821755490359,27.389428400689056,27.389428400689056,0.23607984953575717
673,30822588,26298426,0,59.644019587543106,0.0,59.644019587543106,0.0,0.0
674,9755805559,10563335063,0,99.88782334633278,99.88782334633278,0.0,0.0,0.0
675,11729210421,10103026366,0,183.36197895475755,75.20298452659753,108.15899442816001,75.20298452659753,0.41013401445210734
676,342660306,26296951,0,145.89494442225387,45.85580830847991,100.03913611377396,45.85580830847991,0.31430704120742214
677,4842036912,51458940,0,132.94650387218874,86.52675721929869,46.419746652890055,46.419746652890055,0.349161093378708
678,301688528,9755805559,0,61.476037900384725,55.79037623751791,5.6856616628668135,5.6856616628668135,0.0924858181667435
679,26661432,342628235,0,63.1530776079258,51.560252738835686,11.592824869090116,11.592824869090116,0.1835670613087461
680,301689321,26300437,0,164.86638173456265,39.96448543515334,124.90189629940932,39.96448543515334,0.24240530431180787
681,342628235,5728993689,0,99.96040795153901,6.27734226907727,93.68306568246174,6.27734226907727,0.06279828581852664
682,320952839,320952835,0,101.62718771130034,97.67845508461863,3.9487326266817036,3.9487326266817036,0.03885508116095028
683,474665273,5728993689,0,116.01764595559264,84.07037218433753,31.947273771255112,31.947273771255112,0.2753656438045931
684,26298474,26296951,0,224.0763533002627,65.24841702384676,158.82793627641593,65.24841702384676,0.2911883206900184
685,9755805559,10563335063,0,99.88782334633278,99.88782334633278,0.0,0.0,0.0
686,6047609609,317112656,0,47.47081001973696,5.519415712255854,41.9513943074811,5.519415712255854,0.1162696762486472
687,659971029,1022749752,0,114.29526386290671,35.425696455785015,78.86956740712169,35.425696455785015,0.30994894502607684
688,52162805,13025664346,0,304.2975845601686,5.3740282103737105,298.9235563497949,5.3740282103737105,0.017660436635214587
689,26298474,26296951,0,224.0763533002627,123.08126110293787,100.99509219732482,100.99509219732482,0.4507173144771382
690,26298474,26296951,0,224.0763533002627,123.08126110293787,100.99509219732482,100.99509219732482,0.4507173144771382
691,5728993698,10563335054,0,111.98019278156457,101.98015593346767,10.000036848096897,10.000036848096897,0.08930183633103385
692,342660313,9077392916,0,42.25643789223817,4.180597699673507,38.07584019256466,4.180597699673507,0.09893398280126722
693,9755805559,26299410,0,170.63568685260324,5.8831463300675475,164.7525405225357,5.8831463300675475,0.034477819022403364
694,9077392916,9405615106,0,113.5321494153336,81.57708775076709,31.955061664566514,31.955061664566514,0.281462667879788
695,51458926,6047609599,0,68.42533394903214,10.224640897794313,58.20069305123782,10.224640897794313,0.14942770912028466
696,1022749752,26661432,0,166.48810798653983,81.24554400116672,85.24256398537311,81.24554400116672,0.4879960796223069
697,11729210421,10103026366,0,183.36197895475755,151.66421099366522,31.697767961092325,31.697767961092325,0.17286990542850425
698,342628235,5728993689,0,99.96040795153901,58.27045281207889,41.689955139460125,41.689955139460125,0.41706467584317475
699,342660306,26296951,0,145.89494442225387,45.85580830847991,100.03913611377396,45.85580830847991,0.31430704120742214
700,659985459,643851,0,27.438771908456417,26.84459819877989,0.5941737096765252,0.5941737096765252,0.02165453000807975
701,9755805559,10563335063,0,99.88782334633278,66.68893984975269,33.198883496580095,33.198883496580095,0.332361667162096
702,643930,301688528,0,200.07871488204748,146.10039334021602,53.97832154183146,53.97832154183146,0.26978542706880804
703,342579667,26300437,0,42.373429860333005,14.604727209169708,27.768702651163295,14.604727209169708,0.3446671005228589
704,342628235,5728993689,0,99.96040795153901,89.65302678854034,10.307381162998666,10.307381162998666,0.10311463682696957
705,342628235,5728993689,0,99.96040795153901,89.65302678854034,10.307381162998666,10.307381162998666,0.10311463682696957
706,342628235,5728993689,0,99.96040795153901,89.65302678854034,10.307381162998666,10.307381162998666,0.10311463682696957
707,342628235,5728993689,0,99.96040795153901,89.65302678854034,10.307381162998666,10.307381162998666,0.10311463682696957
708,342628235,5728993689,0,99.96040795153901,89.65302678854034,10.307381162998666,10.307381162998666,0.10311463682696957
709,342628235,5728993689,0,99.96040795153901,89.65302678854034,10.307381162998666,10.307381162998666,0.10311463682696957
710,342628235,5728993689,0,99.96040795153901,89.65302678854034,10.307381162998666,10.307381162998666,0.10311463682696957
711,342628235,5728993689,0,99.96040795153901,89.65302678854034,10.307381162998666,10.307381162998666,0.10311463682696957
712,342628235,5728993689,0,99.96040795153901,89.65302678854034,10.307381162998666,10.307381162998666,0.10311463682696957
713,342628235,5728993689,0,99.96040795153901,89.65302678854034,10.307381162998666,10.307381162998666,0.10311463682696957
714,342628235,5728993689,0,99.96040795153901,89.65302678854034,10.307381162998666,10.307381162998666,0.10311463682696957
715,1591373213,26298441,0,111.00939699561452,25.32498447060873,85.6844125250058,25.32498447060873,0.2281336999930664
716,26298423,7275677007,0,239.46148567802328,239.46148567802328,0.0,0.0,0.0
717,643929,643930,0,136.676534774817,40.42015217394611,96.25638260087088,40.42015217394611,0.2957358572233398
718,301688528,9319419235,0,144.73228205725678,41.69477170187471,103.03751035538207,41.69477170187471,0.28808204437334894
719,643933,10103026371,0,174.23643618102165,174.23643618102165,0.0,0.0,0.0
720,51458926,6047609599,0,68.42533394903214,10.591663417683058,57.83367053134908,10.591663417683058,0.15479154877888435
721,9405615106,921265743,0,301.18924676770894,4.994318020905805,296.19492874680316,4.994318020905805,0.016581993130576983
722,474665273,5728993689,0,116.01764595559264,72.92829397307176,43.08935198252088,43.08935198252088,0.3714034328796322
723,9755805559,10563335063,0,99.88782334633278,35.6590758295778,64.22874751675498,35.6590758295778,0.35699121909924936
724,9755805559,10563335063,0,99.88782334633278,35.6590758295778,64.22874751675498,35.6590758295778,0.35699121909924936
725,10103026366,11729210421,0,183.36197895475755,35.804026996312864,147.55795195844468,35.804026996312864,0.19526418290428188
726,1022749752,26661432,0,166.48810798653983,70.44832442500967,96.03978356153016,70.44832442500967,0.4231432819856734
727,1600382025,4029217601,0,34.361018047571136,24.22597628229102,10.135041765280118,10.135041765280118,0.2949575519342486
728,342660331,342660345,1,91.48839004655417,78.93661234271588,12.551777703838297,12.551777703838297,0.13719530639298913
729,342529332,26298428,0,41.319946860888855,0.0,41.319946860888855,0.0,0.0
730,10563335054,5728993698,0,111.98019278156458,36.4052356509102,75.57495713065438,36.4052356509102,0.3251042416217704
731,10103026366,10103026371,0,12.341310795906269,4.65789934727549,7.683411448630779,4.65789934727549,0.37742338916061974
732,9823016,9823012,0,49.90202016697978,1.119438358784959,48.78258180819482,1.119438358784959,0.022432726271183957
733,9755805559,10563335063,0,99.88782334633278,26.677468194338413,73.21035515199436,26.677468194338413,0.2670742769300502
734,342628235,682264890,0,123.28715661209853,121.3267414584351,1.9604151536634333,1.9604151536634333,0.015901211509253447
735,342628235,682264890,0,123.28715661209853,121.3267414584351,1.9604151536634333,1.9604151536634333,0.015901211509253447
736,342628235,682264890,0,123.28715661209853,121.3267414584351,1.9604151536634333,1.9604151536634333,0.015901211509253447
737,52162805,13025664346,0,304.2975845601686,4.4449523353254765,299.85263222484315,4.4449523353254765,0.01460725474291952
738,9405615106,921265743,0,301.18924676770894,4.994318020905805,296.19492874680316,4.994318020905805,0.016581993130576983
739,10291732457,9235707993,0,60.79408524643321,16.27764863909269,44.51643660734052,16.27764863909269,0.2677505315378966
740,10291732457,9235707993,0,60.79408524643321,16.27764863909269,44.51643660734052,16.27764863909269,0.2677505315378966
741,10103026390,11729210420,0,39.67754401240303,19.70295541513911,19.97458859726392,19.70295541513911,0.4965769909795841
742,9755805529,342579538,0,256.93541774694273,52.58181931188587,204.35359843505685,52.58181931188587,0.20464994578394027
743,6592118493,1591373193,0,372.757236011485,247.46423074863642,125.2930052628486,125.2930052628486,0.33612494449065017
744,26298423,7275677007,0,239.46148567802328,113.23963145423843,126.22185422378485,113.23963145423843,0.472892879343858
745,10592477256,3149003649,0,15.354015274099652,9.334837256459132,6.01917801764052,6.01917801764052,0.3920263143019102
746,320952839,320943570,0,124.25383747954393,106.53010952911791,17.723727950426024,17.723727950426024,0.14264129229283484
747,342620628,762669698,0,177.35757825906214,4.767065568497944,172.5905126905642,4.767065568497944,0.026878273910206425
748,342620628,762669698,0,177.35757825906214,4.767065568497944,172.5905126905642,4.767065568497944,0.026878273910206425
749,342620628,762669698,0,177.35757825906214,4.767065568497944,172.5905126905642,4.767065568497944,0.026878273910206425
750,301688528,9319419235,0,144.73228205725678,109.86481265731466,34.867469399942124,34.867469399942124,0.24091010591644224
751,301688528,9755805559,0,61.476037900384725,21.238309025603833,40.23772887478089,21.238309025603833,0.3454729639541543
752,11729210422,11729210421,0,10.344857875507186,0.9069665127809311,9.437891362726255,0.9069665127809311,0.08767317286478085
753,11729210422,11729210421,0,10.344857875507186,0.9069665127809311,9.437891362726255,0.9069665127809311,0.08767317286478085
754,301689321,26300437,0,164.86638173456265,60.0937579034952,104.77262383106745,60.0937579034952,0.3644997680621575
755,9755805529,342579538,0,256.93541774694273,194.4508652584656,62.484552488477135,62.484552488477135,0.2431916667480174
756,643933,10103026371,0,174.23643618102165,39.76265776102333,134.47377841999833,39.76265776102333,0.22821092208125865
757,26298434,26298438,0,147.4753669525586,142.64176988401272,4.833597068545885,4.833597068545885,0.03277562326799164
758,762669698,51458926,0,18.724438287464427,17.769532673259576,0.9549056142048507,0.9549056142048507,0.05099782431626468
759,26298428,26298429,0,86.18873377641975,82.15449844945604,4.03423532696371,4.03423532696371,0.046806991473257155
760,301688528,9319419235,0,144.73228205725678,108.19039680651471,36.54188525074207,36.54188525074207,0.2524791617414415
761,643933,10103026371,0,174.23643618102165,108.88907160966686,65.34736457135479,65.34736457135479,0.3750499379100169
762,9755805559,301688528,0,61.47603790038473,54.88075259772019,6.595285302664543,6.595285302664543,0.10728221153990908
763,643911,643914,0,35.93010894165425,33.30787929587017,2.622229645784074,2.622229645784074,0.07298139980711522
764,26298423,7275677007,0,239.46148567802328,8.894584951285024,230.56690072673825,8.894584951285024,0.03714411495485568
765,9755805559,26299410,0,170.63568685260324,48.856611642623285,121.77907520997996,48.856611642623285,0.28632118253684
766,26298474,26296951,0,224.0763533002627,128.00076474521154,96.07558855505116,96.07558855505116,0.42876272815056793
767,9077392916,9405615106,0,113.5321494153336,45.533991096923366,67.99815831841025,45.533991096923366,0.401066934180439
768,9755805559,26299410,0,170.63568685260324,12.20222691186053,158.43345994074272,12.20222691186053,0.07151040404813402
769,26298441,26298440,0,25.93490294396187,23.871477968189893,2.0634249757719765,2.0634249757719765,0.0795617003167687
770,52350428,1743296736,0,44.758308280622494,22.555496329984585,22.20281195063791,22.20281195063791,0.49606012388654813
771,52350428,1743296736,0,44.758308280622494,22.555496329984585,22.20281195063791,22.20281195063791,0.49606012388654813
772,52350428,1743296736,0,44.758308280622494,22.555496329984585,22.20281195063791,22.20281195063791,0.49606012388654813
773,52350428,1743296736,0,44.758308280622494,22.555496329984585,22.20281195063791,22.20281195063791,0.49606012388654813
774,643933,10103026371,0,174.23643618102165,108.88907160966686,65.34736457135479,65.34736457135479,0.3750499379100169
775,26298438,8674724116,0,104.1322034011589,17.53868450337158,86.59351889778732,17.53868450337158,0.16842709489019023
776,9405615106,921265743,0,301.18924676770894,7.973284454307197,293.21596231340175,7.973284454307197,0.026472673044853297
777,26298445,3381506666,0,53.69332798687318,43.875317870704066,9.818010116169113,9.818010116169113,0.18285344723965327
778,301688528,9319419235,0,144.73228205725678,138.68880970178557,6.043472355471209,6.043472355471209,0.04175621547292665
779,9823068,9823073,0,115.0753928014224,70.09843753383302,44.976955267589375,44.976955267589375,0.3908477231548797
780,5728993698,9319419235,0,28.990193799766857,24.36623448868559,4.6239593110812685,4.6239593110812685,0.15950080717012852
781,1606959335,342626322,0,18.948573427174306,2.003336203602212,16.945237223572093,2.003336203602212,0.1057249091231961
782,1606959335,342626322,0,18.948573427174306,2.003336203602212,16.945237223572093,2.003336203602212,0.1057249091231961
783,342660357,26296956,0,9.073581142829344,1.8819871545406925,7.191593988288651,1.8819871545406925,0.2074139333649963
784,474665273,5728993689,0,116.01764595559264,91.08573363248435,24.931912323108293,24.931912323108293,0.2148975883604062
785,10103026385,340480304,0,84.94725824673425,6.23048613406479,78.71677211266946,6.23048613406479,0.07334534701482631
786,26298474,26296951,0,224.0763533002627,76.80409501731602,147.27225828294667,76.80409501731602,0.34275859048097945
787,301688528,9755805559,0,61.476037900384725,26.029446479622592,35.44659142076213,26.029446479622592,0.42340800364851905
788,10103026366,11729210421,0,183.36197895475755,116.83500741641973,66.52697153833782,66.52697153833782,0.36281770036280303
789,342628235,5728993689,0,99.96040795153901,6.716934168639682,93.24347378289933,6.716934168639682,0.06719594593787637
790,342628235,682264890,0,123.28715661209853,5.967251965882815,117.31990464621572,5.967251965882815,0.04840124575715319
791,10103026366,11729210421,0,183.36197895475755,102.06679929742674,81.2951796573308,81.2951796573308,0.44335897834844734
792,10103026366,11729210421,0,183.36197895475755,102.06679929742674,81.2951796573308,81.2951796573308,0.44335897834844734
793,26298474,26296951,0,224.0763533002627,131.09366473977445,92.98268856048824,92.98268856048824,0.414959843780978
794,643929,317087679,0,69.88630003026574,23.495994029302803,46.39030600096294,23.495994029302803,0.3362031473855014
795,10103026366,11729210421,0,183.36197895475755,151.1501399859943,32.21183896876326,32.21183896876326,0.17567349104969662
796,9405615106,921265743,0,301.18924676770894,68.03592555213397,233.15332121557498,68.03592555213397,0.22589095156045336
797,316814429,316814359,0,85.47821671276918,65.33800075894273,20.140215953826456,20.140215953826456,0.23561811100368693
798,301688528,9319419235,0,144.73228205725678,57.04083486885642,87.69144718840036,57.04083486885642,0.39411273047080675
799,301688528,9319419235,0,144.73228205725678,57.04083486885642,87.69144718840036,57.04083486885642,0.39411273047080675
800,301688528,9319419235,0,144.73228205725678,57.04083486885642,87.69144718840036,57.04083486885642,0.39411273047080675
801,26298428,26298429,0,86.18873377641975,46.693677576220225,39.49505620019953,39.49505620019953,0.45823919751104314
802,342660306,26296951,0,145.89494442225387,45.85580830847991,100.03913611377396,45.85580830847991,0.31430704120742214
803,321000277,317087689,0,20.72601156509161,4.7864958368510315,15.939515728240579,4.7864958368510315,0.23094148248536284
804,643914,342628235,0,13.891588310666467,7.278312148853547,6.61327616181292,6.61327616181292,0.4760633567534539
805,643914,342628235,0,13.891588310666467,7.278312148853547,6.61327616181292,6.61327616181292,0.4760633567534539
806,643914,342628235,0,13.891588310666467,7.278312148853547,6.61327616181292,6.61327616181292,0.4760633567534539
807,643914,342628235,0,13.891588310666467,7.278312148853547,6.61327616181292,6.61327616181292,0.4760633567534539
808,26298474,26296951,0,224.0763533002627,4.202046674298788,219.8743066259639,4.202046674298788,0.018752744822957905
809,26298474,26296951,0,224.0763533002627,4.202046674298788,219.8743066259639,4.202046674298788,0.018752744822957905
810,10563335054,643911,0,24.60017957519211,24.574192036569823,0.025987538622288753,0.025987538622288753,0.0010563962975496208
811,643930,301688528,0,200.07871488204748,144.1401580911388,55.93855679090868,55.93855679090868,0.2795827473396466
812,9755805559,26299410,0,170.63568685260324,164.52008305030984,6.115603802293407,6.115603802293407,0.035840121812127874
813,301688528,9755805559,0,61.476037900384725,2.1556990724512692,59.320338827933455,2.1556990724512692,0.03506567999623441
814,301689321,26300437,0,164.86638173456265,11.463171897979716,153.40320983658293,11.463171897979716,0.06953007506670217
815,301689321,26300437,0,164.86638173456265,11.463171897979716,153.40320983658293,11.463171897979716,0.06953007506670217
816,26298474,26296951,0,224.0763533002627,123.17392853174238,100.90242476852032,100.90242476852032,0.45030376156341184
817,9755805559,26299410,0,170.63568685260324,170.63568685260324,0.0,0.0,0.0
818,9405615106,244449799,0,45.40902546161731,15.735231400744793,29.673794060872517,15.735231400744793,0.3465221118661805
819,6047609627,3291318089,0,47.077261266374485,9.564192763715862,37.513068502658626,9.564192763715862,0.2031594979495378
820,10563335054,5728993698,0,111.98019278156458,30.375526303699246,81.60466647786534,30.375526303699246,0.2712580283099852
821,26298474,26296951,0,224.0763533002627,123.08126110293787,100.99509219732482,100.99509219732482,0.4507173144771382
822,320952839,320943570,0,124.25383747954393,85.56888056963172,38.684956909912216,38.684956909912216,0.3113381260058143
823,5728993698,9319419235,0,28.990193799766857,24.36623448868559,4.6239593110812685,4.6239593110812685,0.15950080717012852
824,1022749752,26661432,0,166.48810798653983,70.44832442500967,96.03978356153016,70.44832442500967,0.4231432819856734
825,643930,301688528,0,200.07871488204748,80.60363062286619,119.47508425918129,80.60363062286619,0.40285959788568465
826,643933,10103026371,0,174.23643618102165,4.524109586318322,169.7123265947033,4.524109586318322,0.025965347349150507
827,5728993698,9319419235,0,28.990193799766857,24.36623448868559,4.6239593110812685,4.6239593110812685,0.15950080717012852
828,342628235,682264890,0,123.28715661209853,5.967251965882815,117.31990464621572,5.967251965882815,0.04840124575715319
829,643933,10103026371,0,174.23643618102165,14.964301741951715,159.27213443906993,14.964301741951715,0.08588503111028203
830,474665273,5728993689,0,116.01764595559264,53.2027655145268,62.81488044106584,53.2027655145268,0.4585747717626584
831,474665273,5728993689,0,116.01764595559264,53.2027655145268,62.81488044106584,53.2027655145268,0.4585747717626584
832,474665273,5728993689,0,116.01764595559264,53.2027655145268,62.81488044106584,53.2027655145268,0.4585747717626584
833,9405615106,921265743,0,301.18924676770894,68.03592555213397,233.15332121557498,68.03592555213397,0.22589095156045336
834,9755805559,26299410,0,170.63568685260324,3.189616418225276,167.44607043437796,3.189616418225276,0.01869255181643508
835,1020737722,9823016,0,19.29348374864466,3.3137775495114625,15.979706199133199,3.3137775495114625,0.17175630864199165
836,26296956,52350428,0,34.13799029319958,6.531156551276717,27.606833741922863,6.531156551276717,0.19131637495888998
837,250214013,340480304,0,211.7376933215135,41.15181470095571,170.58587862055776,41.15181470095571,0.19435280537636093
838,682264890,643914,0,116.13271478114794,106.37432443760383,9.758390343544107,9.758390343544107,0.08402791893682836
839,682264890,643914,0,116.13271478114794,106.37432443760383,9.758390343544107,9.758390343544107,0.08402791893682836
840,643933,10103026371,0,174.23643618102165,2.9029955281636326,171.333440652858,2.9029955281636326,0.01666124257240654
841,9755805559,26299410,0,170.63568685260324,20.270000102076963,150.36568675052627,20.270000102076963,0.11879109508661213
842,52167638,342660357,0,20.66976743313423,2.223888958427726,18.445878474706504,2.223888958427726,0.1075913875481138
843,342626318,955003902,0,36.06183478130967,12.541444015810164,23.520390765499506,12.541444015810164,0.3477760932538633
844,10563335054,5728993698,0,111.98019278156458,44.324311126036555,67.65588165552802,44.324311126036555,0.39582277923470155
845,9755805559,10563335063,0,99.88782334633278,99.88782334633278,0.0,0.0,0.0
846,10563335054,5728993698,0,111.98019278156458,69.32746453080763,42.65272825075695,42.65272825075695,0.38089529220545254
847,342620628,762669698,0,177.35757825906214,3.451057708285524,173.9065205507766,3.451057708285524,0.019458191424133246
848,342620628,762669698,0,177.35757825906214,3.451057708285524,173.9065205507766,3.451057708285524,0.019458191424133246
849,9755805559,26299410,0,170.63568685260324,17.5935589173152,153.04212793528805,17.5935589173152,0.10310597531987951
850,9755805559,26299410,0,170.63568685260324,17.5935589173152,153.04212793528805,17.5935589173152,0.10310597531987951
